# Blender 3.4.0
# www.blender.org
mtllib funky_guy.mtl
o Cube
v 1.012919 1.012919 -1.159632
v 1.012919 1.159632 -1.012919
v 1.159632 1.012919 -1.012919
v 1.012919 -1.159632 -1.012919
v 1.012919 -1.012919 -1.159632
v 1.159632 -1.012919 -1.012919
v 1.159632 1.012919 1.012919
v 1.012919 1.159632 1.012919
v 1.012919 1.012919 1.159632
v 1.159632 -1.012919 1.012919
v 1.012919 -1.012919 1.159632
v 1.012919 -1.159632 1.012919
v -1.012919 1.012919 -1.159632
v -1.159632 1.012919 -1.012919
v -1.012919 1.159632 -1.012919
v -1.159632 -1.012919 -1.012919
v -1.012919 -1.012919 -1.159632
v -1.012919 -1.159632 -1.012919
v -1.159632 1.012919 1.012919
v -1.012919 1.012919 1.159632
v -1.012919 1.159632 1.012919
v -1.012919 -1.159632 1.012919
v -1.012919 -1.012919 1.159632
v -1.159632 -1.012919 1.012919
vn -0.0000 -1.0000 -0.0000
vn -1.0000 -0.0000 -0.0000
vn -0.0000 -0.0000 1.0000
vn -0.0000 1.0000 -0.0000
vn 1.0000 -0.0000 -0.0000
vn 0.5774 0.5774 -0.5774
vn 0.5774 -0.5774 -0.5774
vn 0.5774 0.5774 0.5774
vn 0.5774 -0.5774 0.5774
vn -0.5774 0.5774 -0.5774
vn -0.5774 -0.5774 -0.5774
vn -0.5774 0.5774 0.5774
vn -0.5774 -0.5774 0.5774
vn -0.7071 -0.7071 -0.0000
vn -0.0000 -0.7071 -0.7071
vn 0.7071 -0.0000 -0.7071
vn -0.7071 -0.0000 0.7071
vn 0.7071 -0.0000 0.7071
vn -0.7071 -0.0000 -0.7071
vn -0.0000 0.7071 0.7071
vn 0.7071 0.7071 -0.0000
vn -0.0000 -0.7071 0.7071
vn -0.7071 0.7071 -0.0000
vn -0.0000 0.7071 -0.7071
vn 0.7071 -0.7071 -0.0000
vn -0.0000 -0.0000 -1.0000
vt 0.609185 0.484185
vt 0.640815 0.515815
vt 0.625000 0.484185
vt 0.609185 0.500000
vt 0.609185 0.515815
vt 0.359185 0.515815
vt 0.359185 0.500000
vt 0.390815 0.484185
vt 0.375000 0.515815
vt 0.390815 0.515815
vt 0.609185 0.750000
vt 0.609185 0.734185
vt 0.625000 0.765815
vt 0.640815 0.734185
vt 0.609185 0.765815
vt 0.375000 0.734185
vt 0.390815 0.734185
vt 0.390815 0.765815
vt 0.359185 0.750000
vt 0.359185 0.734185
vt 0.609185 0.250000
vt 0.609185 0.265815
vt 0.609185 0.234185
vt 0.859185 0.515815
vt 0.625000 0.234185
vt 0.625000 0.265815
vt 0.125000 0.515815
vt 0.390815 0.234185
vt 0.140815 0.500000
vt 0.390815 0.265815
vt 0.140815 0.515815
vt 0.609185 0.015815
vt 0.609185 0.000000
vt 0.609185 0.984185
vt 0.859185 0.734185
vt 0.625000 0.984185
vt 0.625000 0.015815
vt 0.140815 0.734185
vt 0.390815 0.984185
vt 0.390815 0.000000
vt 0.140815 0.750000
vt 0.125000 0.734185
vt 0.390815 0.015815
s 1
usemtl Material
f 18/31/1 4/6/1 12/20/1 22/38/1
f 24/43/2 19/32/2 14/23/2 16/28/2
f 11/18/3 9/15/3 20/34/3 23/39/3
f 2/2/4 15/24/4 21/35/4 8/14/4
f 6/10/5 3/5/5 7/12/5 10/17/5
f 1/1/6 2/3/6 3/4/6
f 4/6/7 5/7/7 6/9/7
f 7/11/8 8/13/8 9/15/8
f 10/16/9 11/19/9 12/20/9
f 13/21/10 14/23/10 15/25/10
f 16/27/11 17/29/11 18/31/11
f 19/32/12 20/33/12 21/37/12
f 22/38/13 23/41/13 24/42/13
f 18/31/14 22/38/14 24/42/14 16/27/14
f 4/6/15 18/31/15 17/29/15 5/7/15
f 3/5/16 6/10/16 5/8/16 1/1/16
f 23/40/17 20/33/17 19/32/17 24/43/17
f 9/15/18 11/18/18 10/17/18 7/12/18
f 13/22/19 17/30/19 16/28/19 14/23/19
f 8/13/20 21/36/20 20/34/20 9/15/20
f 2/2/21 8/14/21 7/12/21 3/5/21
f 22/38/22 12/20/22 11/19/22 23/41/22
f 21/37/23 15/25/23 14/23/23 19/32/23
f 15/26/24 2/3/24 1/1/24 13/22/24
f 12/20/25 4/6/25 6/10/25 10/17/25
f 17/30/26 13/22/26 1/1/26 5/8/26
o Sphere
v -0.496087 0.311152 1.017058
v -0.496087 0.247531 0.953437
v -0.496087 0.164405 0.919005
v -0.496087 0.119418 0.914574
v -0.496087 0.074431 0.919005
v -0.496087 -0.008694 0.953437
v -0.487310 0.345584 1.101048
v -0.478871 0.332461 1.058621
v -0.471093 0.311152 1.019520
v -0.464276 0.282474 0.985248
v -0.458681 0.247531 0.957121
v -0.454524 0.207664 0.936221
v -0.451964 0.164405 0.923351
v -0.451099 0.119418 0.919005
v -0.451964 0.074431 0.923351
v -0.454524 0.031173 0.936221
v -0.458681 -0.008694 0.957121
v -0.464276 -0.043638 0.985248
v -0.471093 -0.072316 1.019520
v -0.478871 -0.093625 1.058621
v -0.487310 -0.106747 1.101048
v -0.478871 0.345584 1.103608
v -0.462317 0.332461 1.063643
v -0.447060 0.311152 1.026810
v -0.433688 0.282474 0.994526
v -0.422713 0.247531 0.968032
v -0.414559 0.207664 0.948344
v -0.409537 0.164405 0.936221
v -0.407841 0.119418 0.932127
v -0.409537 0.074431 0.936221
v -0.414559 0.031173 0.948344
v -0.422713 -0.008694 0.968032
v -0.433688 -0.043638 0.994526
v -0.447060 -0.072316 1.026810
v -0.462317 -0.093625 1.063643
v -0.478871 -0.106747 1.103608
v -0.471093 0.345584 1.107765
v -0.447060 0.332461 1.071797
v -0.424911 0.311152 1.038649
v -0.405497 0.282474 1.009594
v -0.389565 0.247531 0.985750
v -0.377726 0.207664 0.968032
v -0.370436 0.164405 0.957121
v -0.367974 0.119418 0.953437
v -0.370436 0.074431 0.957121
v -0.377726 0.031173 0.968032
v -0.389565 -0.008694 0.985750
v -0.405497 -0.043638 1.009594
v -0.424911 -0.072316 1.038649
v -0.447060 -0.093625 1.071797
v -0.471093 -0.106747 1.107765
v -0.464276 0.345584 1.113360
v -0.433688 0.332461 1.082772
v -0.405497 0.311152 1.054582
v -0.380788 0.282474 1.029873
v -0.360510 0.247531 1.009594
v -0.345442 0.207664 0.994526
v -0.336163 0.164405 0.985248
v -0.333030 0.119418 0.982115
v -0.336163 0.074431 0.985248
v -0.345442 0.031173 0.994526
v -0.360510 -0.008694 1.009594
v -0.380788 -0.043638 1.029873
v -0.405497 -0.072316 1.054582
v -0.433688 -0.093625 1.082772
v -0.464276 -0.106747 1.113360
v -0.458681 0.345584 1.120177
v -0.422713 0.332461 1.096144
v -0.389565 0.311152 1.073995
v -0.360510 0.282474 1.054582
v -0.336666 0.247531 1.038649
v -0.318948 0.207664 1.026810
v -0.308037 0.164405 1.019520
v -0.304353 0.119418 1.017058
v -0.308037 0.074431 1.019520
v -0.318948 0.031173 1.026810
v -0.336666 -0.008694 1.038649
v -0.360510 -0.043638 1.054582
v -0.389565 -0.072316 1.073995
v -0.422713 -0.093625 1.096144
v -0.458681 -0.106747 1.120177
v -0.496087 0.350015 1.145171
v -0.454524 0.345584 1.127955
v -0.414559 0.332461 1.111401
v -0.377726 0.311152 1.096144
v -0.345442 0.282474 1.082772
v -0.318948 0.247531 1.071797
v -0.299260 0.207664 1.063643
v -0.287137 0.164405 1.058621
v -0.283043 0.119418 1.056925
v -0.287137 0.074431 1.058621
v -0.299260 0.031173 1.063643
v -0.318948 -0.008694 1.071797
v -0.345442 -0.043638 1.082772
v -0.377726 -0.072316 1.096144
v -0.414559 -0.093625 1.111401
v -0.454524 -0.106747 1.127955
v -0.451964 0.345584 1.136394
v -0.409537 0.332461 1.127955
v -0.370436 0.311152 1.120177
v -0.336163 0.282474 1.113360
v -0.308037 0.247531 1.107765
v -0.287137 0.207664 1.103608
v -0.274267 0.164405 1.101048
v -0.269921 0.119418 1.100184
v -0.274267 0.074431 1.101048
v -0.287137 0.031173 1.103608
v -0.308037 -0.008694 1.107765
v -0.336163 -0.043638 1.113360
v -0.370436 -0.072316 1.120177
v -0.409537 -0.093625 1.127955
v -0.451964 -0.106747 1.136394
v -0.451100 0.345584 1.145171
v -0.407841 0.332461 1.145171
v -0.367974 0.311152 1.145171
v -0.333030 0.282474 1.145171
v -0.304353 0.247531 1.145171
v -0.283043 0.207664 1.145171
v -0.269921 0.164405 1.145171
v -0.265490 0.119418 1.145171
v -0.269921 0.074431 1.145171
v -0.283043 0.031173 1.145171
v -0.304353 -0.008694 1.145171
v -0.333030 -0.043638 1.145171
v -0.367974 -0.072316 1.145171
v -0.407841 -0.093625 1.145171
v -0.451100 -0.106747 1.145171
v -0.451964 0.345584 1.153947
v -0.409537 0.332461 1.162387
v -0.370436 0.311152 1.170164
v -0.336163 0.282474 1.176981
v -0.308037 0.247531 1.182576
v -0.287137 0.207664 1.186733
v -0.274267 0.164405 1.189293
v -0.269921 0.119418 1.190158
v -0.274267 0.074431 1.189293
v -0.287137 0.031173 1.186733
v -0.308037 -0.008694 1.182576
v -0.336163 -0.043638 1.176981
v -0.370436 -0.072316 1.170164
v -0.409537 -0.093625 1.162387
v -0.451964 -0.106747 1.153947
v -0.454524 0.345584 1.162387
v -0.414559 0.332461 1.178941
v -0.377726 0.311152 1.194197
v -0.345442 0.282474 1.207570
v -0.318948 0.247531 1.218544
v -0.299260 0.207664 1.226699
v -0.287137 0.164405 1.231720
v -0.283044 0.119418 1.233416
v -0.287137 0.074431 1.231720
v -0.299260 0.031173 1.226699
v -0.318948 -0.008694 1.218544
v -0.345442 -0.043638 1.207570
v -0.377726 -0.072316 1.194197
v -0.414559 -0.093625 1.178941
v -0.454524 -0.106747 1.162387
v -0.458681 0.345584 1.170164
v -0.422713 0.332461 1.194197
v -0.389565 0.311152 1.216346
v -0.360510 0.282474 1.235760
v -0.336666 0.247531 1.251692
v -0.318948 0.207664 1.263531
v -0.308037 0.164405 1.270821
v -0.304353 0.119418 1.273283
v -0.308037 0.074431 1.270821
v -0.318948 0.031173 1.263531
v -0.336666 -0.008694 1.251692
v -0.360510 -0.043638 1.235760
v -0.389565 -0.072316 1.216346
v -0.422713 -0.093625 1.194197
v -0.458681 -0.106747 1.170164
v -0.464276 0.345584 1.176981
v -0.433688 0.332461 1.207570
v -0.405497 0.311152 1.235760
v -0.380788 0.282474 1.260469
v -0.360510 0.247531 1.280747
v -0.345442 0.207664 1.295815
v -0.336164 0.164405 1.305094
v -0.333031 0.119418 1.308227
v -0.336164 0.074431 1.305094
v -0.345442 0.031173 1.295815
v -0.360510 -0.008694 1.280747
v -0.380788 -0.043638 1.260469
v -0.405497 -0.072316 1.235760
v -0.433688 -0.093625 1.207570
v -0.464276 -0.106747 1.176981
v -0.471093 0.345584 1.182576
v -0.447060 0.332461 1.218544
v -0.424911 0.311152 1.251692
v -0.405497 0.282474 1.280747
v -0.389565 0.247531 1.304592
v -0.377726 0.207664 1.322310
v -0.370436 0.164405 1.333220
v -0.367974 0.119418 1.336904
v -0.370436 0.074431 1.333220
v -0.377726 0.031173 1.322310
v -0.389565 -0.008694 1.304592
v -0.405497 -0.043638 1.280747
v -0.424911 -0.072316 1.251692
v -0.447060 -0.093625 1.218544
v -0.471093 -0.106747 1.182576
v -0.478871 0.345584 1.186733
v -0.462317 0.332461 1.226699
v -0.447060 0.311152 1.263531
v -0.433688 0.282474 1.295815
v -0.422713 0.247531 1.322310
v -0.414559 0.207664 1.341997
v -0.409537 0.164405 1.354120
v -0.407841 0.119418 1.358214
v -0.409537 0.074431 1.354120
v -0.414559 0.031173 1.341997
v -0.422713 -0.008694 1.322310
v -0.433688 -0.043638 1.295815
v -0.447060 -0.072316 1.263531
v -0.462317 -0.093625 1.226699
v -0.478871 -0.106747 1.186733
v -0.487310 0.345584 1.189293
v -0.478871 0.332461 1.231720
v -0.471093 0.311152 1.270821
v -0.464276 0.282474 1.305094
v -0.458681 0.247531 1.333220
v -0.454524 0.207664 1.354120
v -0.451964 0.164405 1.366990
v -0.451100 0.119418 1.371336
v -0.451964 0.074431 1.366990
v -0.454524 0.031173 1.354120
v -0.458681 -0.008694 1.333220
v -0.464276 -0.043638 1.305094
v -0.471093 -0.072316 1.270821
v -0.478871 -0.093625 1.231720
v -0.487310 -0.106747 1.189293
v -0.496087 0.345584 1.190158
v -0.496087 0.332461 1.233416
v -0.496087 0.311152 1.273283
v -0.496087 0.282474 1.308227
v -0.496087 0.247531 1.336904
v -0.496087 0.207664 1.358214
v -0.496087 0.164405 1.371336
v -0.496087 0.119418 1.375767
v -0.496087 0.074431 1.371336
v -0.496087 0.031173 1.358214
v -0.496087 -0.008694 1.336904
v -0.496087 -0.043638 1.308227
v -0.496087 -0.072316 1.273283
v -0.496087 -0.093625 1.233416
v -0.496087 -0.106747 1.190158
v -0.504863 0.345584 1.189293
v -0.513302 0.332461 1.231720
v -0.521080 0.311152 1.270821
v -0.527897 0.282474 1.305094
v -0.533492 0.247531 1.333220
v -0.537649 0.207664 1.354120
v -0.540209 0.164405 1.366990
v -0.541074 0.119418 1.371336
v -0.540209 0.074431 1.366990
v -0.537649 0.031173 1.354120
v -0.533492 -0.008694 1.333220
v -0.527897 -0.043638 1.305094
v -0.521080 -0.072316 1.270821
v -0.513302 -0.093625 1.231720
v -0.504863 -0.106747 1.189293
v -0.513302 0.345584 1.186733
v -0.529857 0.332461 1.226699
v -0.545113 0.311152 1.263531
v -0.558486 0.282474 1.295815
v -0.569460 0.247531 1.322309
v -0.577615 0.207664 1.341997
v -0.582636 0.164405 1.354120
v -0.584332 0.119418 1.358214
v -0.582636 0.074431 1.354120
v -0.577615 0.031173 1.341997
v -0.569460 -0.008694 1.322309
v -0.558486 -0.043638 1.295815
v -0.545113 -0.072316 1.263531
v -0.529857 -0.093625 1.226699
v -0.513302 -0.106747 1.186733
v -0.521080 0.345584 1.182576
v -0.545113 0.332461 1.218544
v -0.567262 0.311152 1.251692
v -0.586676 0.282474 1.280747
v -0.602608 0.247531 1.304591
v -0.614447 0.207664 1.322310
v -0.621737 0.164405 1.333220
v -0.624199 0.119418 1.336904
v -0.621737 0.074431 1.333220
v -0.614447 0.031173 1.322310
v -0.602608 -0.008694 1.304591
v -0.586676 -0.043638 1.280747
v -0.567262 -0.072316 1.251692
v -0.545113 -0.093625 1.218544
v -0.521080 -0.106747 1.182576
v -0.527897 0.345584 1.176981
v -0.558486 0.332461 1.207570
v -0.586676 0.311152 1.235760
v -0.611385 0.282474 1.260469
v -0.631663 0.247531 1.280747
v -0.646731 0.207664 1.295815
v -0.656010 0.164405 1.305094
v -0.659143 0.119418 1.308227
v -0.656010 0.074431 1.305094
v -0.646731 0.031173 1.295815
v -0.631663 -0.008694 1.280747
v -0.611385 -0.043638 1.260469
v -0.586676 -0.072316 1.235760
v -0.558486 -0.093625 1.207570
v -0.527897 -0.106747 1.176981
v -0.496087 -0.111178 1.145171
v -0.533492 0.345584 1.170164
v -0.569460 0.332461 1.194197
v -0.602608 0.311152 1.216346
v -0.631663 0.282474 1.235760
v -0.655507 0.247531 1.251692
v -0.673225 0.207664 1.263531
v -0.684136 0.164405 1.270821
v -0.687820 0.119418 1.273283
v -0.684136 0.074431 1.270821
v -0.673225 0.031173 1.263531
v -0.655507 -0.008694 1.251692
v -0.631663 -0.043638 1.235760
v -0.602608 -0.072316 1.216346
v -0.569460 -0.093625 1.194197
v -0.533492 -0.106747 1.170164
v -0.537649 0.345584 1.162387
v -0.577615 0.332461 1.178941
v -0.614447 0.311152 1.194197
v -0.646731 0.282474 1.207570
v -0.673225 0.247531 1.218544
v -0.692913 0.207664 1.226699
v -0.705036 0.164405 1.231720
v -0.709130 0.119418 1.233416
v -0.705036 0.074431 1.231720
v -0.692913 0.031173 1.226699
v -0.673225 -0.008694 1.218544
v -0.646731 -0.043638 1.207570
v -0.614447 -0.072316 1.194197
v -0.577615 -0.093625 1.178941
v -0.537649 -0.106747 1.162387
v -0.540209 0.345584 1.153947
v -0.582636 0.332461 1.162387
v -0.621737 0.311152 1.170164
v -0.656010 0.282474 1.176981
v -0.684136 0.247531 1.182576
v -0.705036 0.207664 1.186733
v -0.717906 0.164405 1.189293
v -0.722252 0.119418 1.190158
v -0.717906 0.074431 1.189293
v -0.705036 0.031173 1.186733
v -0.684136 -0.008694 1.182576
v -0.656010 -0.043638 1.176981
v -0.621737 -0.072316 1.170164
v -0.582636 -0.093625 1.162387
v -0.540209 -0.106747 1.153947
v -0.541074 0.345584 1.145171
v -0.584332 0.332461 1.145171
v -0.624199 0.311152 1.145171
v -0.659143 0.282474 1.145171
v -0.687820 0.247531 1.145171
v -0.709130 0.207664 1.145171
v -0.722252 0.164405 1.145171
v -0.726683 0.119418 1.145171
v -0.722252 0.074431 1.145171
v -0.709130 0.031173 1.145171
v -0.687820 -0.008694 1.145171
v -0.659143 -0.043638 1.145171
v -0.624199 -0.072316 1.145171
v -0.584332 -0.093625 1.145171
v -0.541074 -0.106747 1.145171
v -0.540209 0.345584 1.136394
v -0.582636 0.332461 1.127955
v -0.621737 0.311152 1.120177
v -0.656010 0.282474 1.113360
v -0.684136 0.247531 1.107765
v -0.705036 0.207664 1.103608
v -0.717906 0.164405 1.101048
v -0.722252 0.119418 1.100183
v -0.717906 0.074431 1.101048
v -0.705036 0.031173 1.103608
v -0.684136 -0.008694 1.107765
v -0.656010 -0.043638 1.113360
v -0.621737 -0.072316 1.120177
v -0.582636 -0.093625 1.127955
v -0.540209 -0.106747 1.136394
v -0.537649 0.345584 1.127955
v -0.577615 0.332461 1.111401
v -0.614447 0.311152 1.096144
v -0.646731 0.282474 1.082772
v -0.673225 0.247531 1.071797
v -0.692913 0.207664 1.063643
v -0.705036 0.164405 1.058621
v -0.709130 0.119418 1.056925
v -0.705036 0.074431 1.058621
v -0.692913 0.031173 1.063643
v -0.673225 -0.008694 1.071797
v -0.646731 -0.043638 1.082772
v -0.614447 -0.072316 1.096144
v -0.577615 -0.093625 1.111401
v -0.537649 -0.106747 1.127955
v -0.533492 0.345584 1.120177
v -0.569460 0.332461 1.096144
v -0.602608 0.311152 1.073995
v -0.631663 0.282474 1.054582
v -0.655507 0.247531 1.038649
v -0.673225 0.207664 1.026810
v -0.684136 0.164405 1.019520
v -0.687820 0.119418 1.017058
v -0.684136 0.074431 1.019520
v -0.673225 0.031173 1.026810
v -0.655507 -0.008694 1.038649
v -0.631663 -0.043638 1.054582
v -0.602608 -0.072316 1.073995
v -0.569460 -0.093625 1.096144
v -0.533492 -0.106747 1.120177
v -0.527897 0.345584 1.113360
v -0.558485 0.332461 1.082772
v -0.586676 0.311152 1.054582
v -0.611385 0.282474 1.029873
v -0.631663 0.247531 1.009594
v -0.646731 0.207664 0.994527
v -0.656010 0.164405 0.985248
v -0.659143 0.119418 0.982115
v -0.656010 0.074431 0.985248
v -0.646731 0.031173 0.994527
v -0.631663 -0.008694 1.009594
v -0.611385 -0.043638 1.029873
v -0.586676 -0.072316 1.054582
v -0.558485 -0.093625 1.082772
v -0.527897 -0.106747 1.113360
v -0.521080 0.345584 1.107765
v -0.545113 0.332461 1.071797
v -0.567262 0.311152 1.038649
v -0.586676 0.282474 1.009594
v -0.602608 0.247531 0.985750
v -0.614447 0.207664 0.968032
v -0.621737 0.164405 0.957121
v -0.624199 0.119418 0.953437
v -0.621737 0.074431 0.957121
v -0.614447 0.031173 0.968032
v -0.602608 -0.008694 0.985750
v -0.586676 -0.043638 1.009594
v -0.567262 -0.072316 1.038649
v -0.545113 -0.093625 1.071797
v -0.521080 -0.106747 1.107765
v -0.513302 0.345584 1.103608
v -0.529857 0.332461 1.063643
v -0.545113 0.311152 1.026810
v -0.558485 0.282474 0.994526
v -0.569460 0.247531 0.968032
v -0.577615 0.207664 0.948345
v -0.582636 0.164405 0.936221
v -0.584332 0.119418 0.932128
v -0.582636 0.074431 0.936221
v -0.577615 0.031173 0.948345
v -0.569460 -0.008694 0.968032
v -0.558485 -0.043638 0.994526
v -0.545113 -0.072316 1.026810
v -0.529857 -0.093625 1.063643
v -0.513302 -0.106747 1.103608
v -0.504863 0.345584 1.101048
v -0.513302 0.332461 1.058621
v -0.521080 0.311152 1.019520
v -0.527897 0.282474 0.985248
v -0.533492 0.247531 0.957121
v -0.537649 0.207664 0.936221
v -0.540209 0.164405 0.923351
v -0.541074 0.119418 0.919006
v -0.540209 0.074431 0.923351
v -0.537649 0.031173 0.936221
v -0.533492 -0.008694 0.957121
v -0.527897 -0.043638 0.985248
v -0.521080 -0.072316 1.019520
v -0.513302 -0.093625 1.058621
v -0.504863 -0.106747 1.101048
v -0.496087 0.345584 1.100184
v -0.496087 0.332461 1.056925
v -0.496087 0.282474 0.982115
v -0.496087 0.207664 0.932128
v -0.496087 0.031173 0.932128
v -0.496087 -0.043638 0.982115
v -0.496087 -0.072316 1.017058
v -0.496087 -0.093625 1.056925
v -0.496087 -0.106747 1.100184
vn -0.0000 -0.9796 -0.2010
vn -0.0000 -0.9217 -0.3879
vn 0.0757 -0.9217 -0.3804
vn 0.0392 -0.9796 -0.1971
vn -0.0000 -0.0000 -1.0000
vn -0.0000 0.1939 -0.9810
vn 0.1914 0.1939 -0.9622
vn 0.1951 -0.0000 -0.9808
vn -0.0000 0.9796 -0.2010
vn -0.0000 1.0000 -0.0000
vn 0.0392 0.9796 -0.1971
vn -0.0000 -1.0000 -0.0000
vn -0.0000 -0.1939 -0.9810
vn 0.1914 -0.1939 -0.9622
vn -0.0000 0.9217 -0.3879
vn 0.0757 0.9217 -0.3804
vn -0.0000 -0.3805 -0.9248
vn 0.1804 -0.3805 -0.9070
vn -0.0000 0.8286 -0.5598
vn 0.1092 0.8286 -0.5490
vn -0.0000 -0.5528 -0.8333
vn 0.1626 -0.5528 -0.8173
vn -0.0000 0.7041 -0.7101
vn 0.1385 0.7041 -0.6965
vn -0.0000 -0.7041 -0.7101
vn 0.1385 -0.7041 -0.6965
vn -0.0000 0.5528 -0.8333
vn 0.1626 0.5528 -0.8173
vn -0.0000 -0.8286 -0.5598
vn 0.1092 -0.8286 -0.5490
vn -0.0000 0.3805 -0.9248
vn 0.1804 0.3805 -0.9070
vn 0.3189 0.5528 -0.7699
vn 0.3539 0.3805 -0.8544
vn 0.2142 -0.8286 -0.5172
vn 0.1484 -0.9217 -0.3584
vn 0.3754 0.1939 -0.9063
vn 0.0769 -0.9796 -0.1857
vn 0.3827 -0.0000 -0.9239
vn 0.0769 0.9796 -0.1857
vn 0.3754 -0.1939 -0.9063
vn 0.1484 0.9217 -0.3584
vn 0.3539 -0.3805 -0.8544
vn 0.2142 0.8286 -0.5172
vn 0.3189 -0.5528 -0.7699
vn 0.2718 0.7041 -0.6561
vn 0.2718 -0.7041 -0.6561
vn 0.5450 -0.1939 -0.8157
vn 0.5138 -0.3805 -0.7689
vn 0.2155 0.9217 -0.3225
vn 0.3110 0.8286 -0.4654
vn 0.4630 -0.5528 -0.6929
vn 0.3945 0.7041 -0.5905
vn 0.3945 -0.7041 -0.5905
vn 0.4630 0.5528 -0.6929
vn 0.3110 -0.8286 -0.4654
vn 0.5138 0.3805 -0.7689
vn 0.2155 -0.9217 -0.3225
vn 0.5450 0.1939 -0.8157
vn 0.1117 -0.9796 -0.1671
vn 0.5556 -0.0000 -0.8315
vn 0.1117 0.9796 -0.1671
vn 0.3958 -0.8286 -0.3958
vn 0.2743 -0.9217 -0.2743
vn 0.6539 0.3805 -0.6539
vn 0.6937 0.1939 -0.6937
vn 0.1421 -0.9796 -0.1421
vn 0.7071 -0.0000 -0.7071
vn 0.1421 0.9796 -0.1421
vn 0.6937 -0.1939 -0.6937
vn 0.2743 0.9217 -0.2743
vn 0.6539 -0.3805 -0.6539
vn 0.3958 0.8286 -0.3958
vn 0.5893 -0.5528 -0.5893
vn 0.5021 0.7041 -0.5021
vn 0.5021 -0.7041 -0.5021
vn 0.5893 0.5528 -0.5893
vn 0.7689 -0.3805 -0.5138
vn 0.6929 -0.5528 -0.4630
vn 0.4654 0.8286 -0.3110
vn 0.5905 0.7041 -0.3945
vn 0.5905 -0.7041 -0.3945
vn 0.6929 0.5528 -0.4630
vn 0.4654 -0.8286 -0.3110
vn 0.7689 0.3805 -0.5138
vn 0.3225 -0.9217 -0.2155
vn 0.8157 0.1939 -0.5450
vn 0.1671 -0.9796 -0.1117
vn 0.8315 -0.0000 -0.5556
vn 0.1671 0.9796 -0.1117
vn 0.8157 -0.1939 -0.5450
vn 0.3225 0.9217 -0.2155
vn 0.3584 -0.9217 -0.1484
vn 0.1857 -0.9796 -0.0769
vn 0.9063 0.1939 -0.3754
vn 0.9239 -0.0000 -0.3827
vn 0.1857 0.9796 -0.0769
vn 0.9063 -0.1939 -0.3754
vn 0.3584 0.9217 -0.1484
vn 0.8544 -0.3805 -0.3539
vn 0.5172 0.8286 -0.2142
vn 0.7699 -0.5528 -0.3189
vn 0.6561 0.7041 -0.2718
vn 0.6561 -0.7041 -0.2718
vn 0.7699 0.5528 -0.3189
vn 0.5172 -0.8286 -0.2142
vn 0.8544 0.3805 -0.3539
vn 0.5490 0.8286 -0.1092
vn 0.6965 0.7041 -0.1385
vn 0.8173 -0.5528 -0.1626
vn 0.6965 -0.7041 -0.1385
vn 0.8173 0.5528 -0.1626
vn 0.5490 -0.8286 -0.1092
vn 0.9070 0.3805 -0.1804
vn 0.3804 -0.9217 -0.0757
vn 0.9622 0.1939 -0.1914
vn 0.1971 -0.9796 -0.0392
vn 0.9808 -0.0000 -0.1951
vn 0.1971 0.9796 -0.0392
vn 0.9622 -0.1939 -0.1914
vn 0.3804 0.9217 -0.0757
vn 0.9070 -0.3805 -0.1804
vn 0.9810 0.1939 -0.0000
vn 1.0000 -0.0000 -0.0000
vn 0.2010 0.9796 -0.0000
vn 0.2010 -0.9796 -0.0000
vn 0.9810 -0.1939 -0.0000
vn 0.3879 0.9217 -0.0000
vn 0.9248 -0.3805 -0.0000
vn 0.5598 0.8286 -0.0000
vn 0.8333 -0.5528 -0.0000
vn 0.7101 0.7041 -0.0000
vn 0.7101 -0.7041 -0.0000
vn 0.8333 0.5528 -0.0000
vn 0.5598 -0.8286 -0.0000
vn 0.9248 0.3805 -0.0000
vn 0.3879 -0.9217 -0.0000
vn 0.8173 -0.5528 0.1626
vn 0.6965 -0.7041 0.1385
vn 0.6965 0.7041 0.1385
vn 0.8173 0.5528 0.1626
vn 0.5490 -0.8286 0.1092
vn 0.9070 0.3805 0.1804
vn 0.3804 -0.9217 0.0757
vn 0.9622 0.1939 0.1914
vn 0.1971 -0.9796 0.0392
vn 0.9808 -0.0000 0.1951
vn 0.1971 0.9796 0.0392
vn 0.9622 -0.1939 0.1914
vn 0.3804 0.9217 0.0757
vn 0.9070 -0.3805 0.1804
vn 0.5490 0.8286 0.1092
vn 0.1857 0.9796 0.0769
vn 0.1857 -0.9796 0.0769
vn 0.9239 -0.0000 0.3827
vn 0.9063 -0.1939 0.3754
vn 0.3584 0.9217 0.1484
vn 0.8544 -0.3805 0.3539
vn 0.5172 0.8286 0.2142
vn 0.7699 -0.5528 0.3189
vn 0.6561 0.7041 0.2718
vn 0.6561 -0.7041 0.2718
vn 0.7699 0.5528 0.3189
vn 0.5172 -0.8286 0.2142
vn 0.8544 0.3805 0.3539
vn 0.3584 -0.9217 0.1484
vn 0.9063 0.1939 0.3754
vn 0.5905 0.7041 0.3945
vn 0.6929 0.5528 0.4630
vn 0.5905 -0.7041 0.3945
vn 0.4654 -0.8286 0.3110
vn 0.7689 0.3805 0.5138
vn 0.3225 -0.9217 0.2155
vn 0.8157 0.1939 0.5450
vn 0.1671 -0.9796 0.1117
vn 0.8315 -0.0000 0.5556
vn 0.1671 0.9796 0.1117
vn 0.8157 -0.1939 0.5450
vn 0.3225 0.9217 0.2155
vn 0.7689 -0.3805 0.5138
vn 0.4654 0.8286 0.3110
vn 0.6929 -0.5528 0.4630
vn 0.7071 -0.0000 0.7071
vn 0.6937 -0.1939 0.6937
vn 0.1421 0.9796 0.1421
vn 0.2743 0.9217 0.2743
vn 0.6539 -0.3805 0.6539
vn 0.3958 0.8286 0.3958
vn 0.5893 -0.5528 0.5893
vn 0.5021 0.7041 0.5021
vn 0.5021 -0.7041 0.5021
vn 0.5893 0.5528 0.5893
vn 0.3958 -0.8286 0.3958
vn 0.6539 0.3805 0.6539
vn 0.2743 -0.9217 0.2743
vn 0.6937 0.1939 0.6937
vn 0.1421 -0.9796 0.1421
vn 0.3945 -0.7041 0.5905
vn 0.3110 -0.8286 0.4654
vn 0.4630 0.5528 0.6929
vn 0.5138 0.3805 0.7689
vn 0.2155 -0.9217 0.3225
vn 0.5450 0.1939 0.8157
vn 0.1117 -0.9796 0.1671
vn 0.5556 -0.0000 0.8315
vn 0.1117 0.9796 0.1671
vn 0.5450 -0.1939 0.8157
vn 0.2155 0.9217 0.3225
vn 0.5138 -0.3805 0.7689
vn 0.3110 0.8286 0.4654
vn 0.4630 -0.5528 0.6929
vn 0.3945 0.7041 0.5905
vn 0.3754 -0.1939 0.9063
vn 0.3539 -0.3805 0.8544
vn 0.1484 0.9217 0.3584
vn 0.2142 0.8286 0.5172
vn 0.3189 -0.5528 0.7699
vn 0.2718 0.7041 0.6561
vn 0.2718 -0.7041 0.6561
vn 0.3189 0.5528 0.7699
vn 0.2142 -0.8286 0.5172
vn 0.3539 0.3805 0.8544
vn 0.1484 -0.9217 0.3584
vn 0.3754 0.1939 0.9063
vn 0.0769 -0.9796 0.1857
vn 0.3827 -0.0000 0.9239
vn 0.0769 0.9796 0.1857
vn 0.1092 -0.8286 0.5490
vn 0.0757 -0.9217 0.3804
vn 0.1804 0.3805 0.9070
vn 0.1914 0.1939 0.9622
vn 0.0392 -0.9796 0.1971
vn 0.1951 -0.0000 0.9808
vn 0.0392 0.9796 0.1971
vn 0.1914 -0.1939 0.9622
vn 0.0757 0.9217 0.3804
vn 0.1804 -0.3805 0.9070
vn 0.1092 0.8286 0.5490
vn 0.1626 -0.5528 0.8173
vn 0.1385 0.7041 0.6965
vn 0.1385 -0.7041 0.6965
vn 0.1626 0.5528 0.8173
vn -0.0000 0.9217 0.3879
vn -0.0000 0.8286 0.5598
vn -0.0000 -0.3805 0.9248
vn -0.0000 -0.5528 0.8333
vn -0.0000 0.7041 0.7101
vn -0.0000 -0.7041 0.7101
vn -0.0000 0.5528 0.8333
vn -0.0000 -0.8286 0.5598
vn -0.0000 0.3805 0.9248
vn -0.0000 -0.9217 0.3879
vn -0.0000 0.1939 0.9810
vn -0.0000 -0.9796 0.2010
vn -0.0000 -0.0000 1.0000
vn -0.0000 0.9796 0.2010
vn -0.0000 -0.1939 0.9810
vn -0.1804 0.3805 0.9070
vn -0.1914 0.1939 0.9622
vn -0.0757 -0.9217 0.3804
vn -0.0392 -0.9796 0.1971
vn -0.1951 -0.0000 0.9808
vn -0.0392 0.9796 0.1971
vn -0.1914 -0.1939 0.9622
vn -0.0757 0.9217 0.3804
vn -0.1804 -0.3805 0.9070
vn -0.1092 0.8286 0.5490
vn -0.1626 -0.5528 0.8173
vn -0.1385 0.7041 0.6965
vn -0.1385 -0.7041 0.6965
vn -0.1626 0.5528 0.8173
vn -0.1092 -0.8286 0.5490
vn -0.3539 -0.3805 0.8544
vn -0.3189 -0.5528 0.7699
vn -0.2142 0.8286 0.5172
vn -0.2718 0.7041 0.6561
vn -0.2718 -0.7041 0.6561
vn -0.3189 0.5528 0.7699
vn -0.2142 -0.8286 0.5172
vn -0.3539 0.3805 0.8544
vn -0.1484 -0.9217 0.3584
vn -0.3754 0.1939 0.9063
vn -0.0769 -0.9796 0.1857
vn -0.3827 -0.0000 0.9239
vn -0.0769 0.9796 0.1857
vn -0.3754 -0.1939 0.9063
vn -0.1484 0.9217 0.3584
vn -0.2155 -0.9217 0.3225
vn -0.1117 -0.9796 0.1671
vn -0.5450 0.1939 0.8157
vn -0.5556 -0.0000 0.8315
vn -0.1117 0.9796 0.1671
vn -0.5450 -0.1939 0.8157
vn -0.2155 0.9217 0.3225
vn -0.5138 -0.3805 0.7689
vn -0.3110 0.8286 0.4654
vn -0.4630 -0.5528 0.6929
vn -0.3945 0.7041 0.5905
vn -0.3945 -0.7041 0.5905
vn -0.4630 0.5528 0.6929
vn -0.3110 -0.8286 0.4654
vn -0.5138 0.3805 0.7689
vn -0.3958 0.8286 0.3958
vn -0.5021 0.7041 0.5021
vn -0.5893 -0.5528 0.5893
vn -0.5021 -0.7041 0.5021
vn -0.5893 0.5528 0.5893
vn -0.3958 -0.8286 0.3958
vn -0.6539 0.3805 0.6539
vn -0.2743 -0.9217 0.2743
vn -0.6937 0.1939 0.6937
vn -0.1421 -0.9796 0.1421
vn -0.7071 -0.0000 0.7071
vn -0.1421 0.9796 0.1421
vn -0.6937 -0.1939 0.6937
vn -0.2743 0.9217 0.2743
vn -0.6539 -0.3805 0.6539
vn -0.8157 0.1939 0.5450
vn -0.8315 -0.0000 0.5556
vn -0.1671 0.9796 0.1117
vn -0.1671 -0.9796 0.1117
vn -0.8157 -0.1939 0.5450
vn -0.3225 0.9217 0.2155
vn -0.7689 -0.3805 0.5138
vn -0.4654 0.8286 0.3110
vn -0.6929 -0.5528 0.4630
vn -0.5905 0.7041 0.3945
vn -0.5905 -0.7041 0.3945
vn -0.6929 0.5528 0.4630
vn -0.4654 -0.8286 0.3110
vn -0.7689 0.3805 0.5138
vn -0.3225 -0.9217 0.2155
vn -0.7699 -0.5528 0.3189
vn -0.6561 -0.7041 0.2718
vn -0.6561 0.7041 0.2718
vn -0.7699 0.5528 0.3189
vn -0.5172 -0.8286 0.2142
vn -0.8544 0.3805 0.3539
vn -0.3584 -0.9217 0.1484
vn -0.9063 0.1939 0.3754
vn -0.1857 -0.9796 0.0769
vn -0.9239 -0.0000 0.3827
vn -0.1857 0.9796 0.0769
vn -0.9063 -0.1939 0.3754
vn -0.3584 0.9217 0.1484
vn -0.8544 -0.3805 0.3539
vn -0.5172 0.8286 0.2142
vn -0.1971 -0.9796 0.0392
vn -0.9808 -0.0000 0.1951
vn -0.9622 -0.1939 0.1914
vn -0.1971 0.9796 0.0392
vn -0.3804 0.9217 0.0757
vn -0.9070 -0.3805 0.1804
vn -0.5490 0.8286 0.1092
vn -0.8173 -0.5528 0.1626
vn -0.6965 0.7041 0.1385
vn -0.6965 -0.7041 0.1385
vn -0.8173 0.5528 0.1626
vn -0.5490 -0.8286 0.1092
vn -0.9070 0.3805 0.1804
vn -0.3804 -0.9217 0.0757
vn -0.9622 0.1939 0.1914
vn -0.7101 -0.7041 -0.0000
vn -0.5598 -0.8286 -0.0000
vn -0.8333 0.5528 -0.0000
vn -0.9248 0.3805 -0.0000
vn -0.3879 -0.9217 -0.0000
vn -0.9810 0.1939 -0.0000
vn -0.2010 -0.9796 -0.0000
vn -1.0000 -0.0000 -0.0000
vn -0.2010 0.9796 -0.0000
vn -0.9810 -0.1939 -0.0000
vn -0.3879 0.9217 -0.0000
vn -0.9248 -0.3805 -0.0000
vn -0.5598 0.8286 -0.0000
vn -0.8333 -0.5528 -0.0000
vn -0.7101 0.7041 -0.0000
vn -0.1971 0.9796 -0.0392
vn -0.3804 0.9217 -0.0757
vn -0.9622 -0.1939 -0.1914
vn -0.9070 -0.3805 -0.1804
vn -0.5490 0.8286 -0.1092
vn -0.8173 -0.5528 -0.1626
vn -0.6965 0.7041 -0.1385
vn -0.6965 -0.7041 -0.1385
vn -0.8173 0.5528 -0.1626
vn -0.5490 -0.8286 -0.1092
vn -0.9070 0.3805 -0.1804
vn -0.3804 -0.9217 -0.0757
vn -0.9622 0.1939 -0.1914
vn -0.1971 -0.9796 -0.0392
vn -0.9808 -0.0000 -0.1951
vn -0.7699 0.5528 -0.3189
vn -0.8544 0.3805 -0.3539
vn -0.5172 -0.8286 -0.2142
vn -0.3584 -0.9217 -0.1484
vn -0.9063 0.1939 -0.3754
vn -0.1857 -0.9796 -0.0769
vn -0.9239 -0.0000 -0.3827
vn -0.1857 0.9796 -0.0769
vn -0.9063 -0.1939 -0.3754
vn -0.3584 0.9217 -0.1484
vn -0.8544 -0.3805 -0.3539
vn -0.5172 0.8286 -0.2142
vn -0.7699 -0.5528 -0.3189
vn -0.6561 0.7041 -0.2718
vn -0.6561 -0.7041 -0.2718
vn -0.8157 -0.1939 -0.5450
vn -0.7689 -0.3805 -0.5138
vn -0.3225 0.9217 -0.2155
vn -0.4654 0.8286 -0.3110
vn -0.6929 -0.5528 -0.4630
vn -0.5905 0.7041 -0.3945
vn -0.5905 -0.7041 -0.3945
vn -0.6929 0.5528 -0.4630
vn -0.4654 -0.8286 -0.3110
vn -0.7689 0.3805 -0.5138
vn -0.3225 -0.9217 -0.2155
vn -0.8157 0.1939 -0.5450
vn -0.1671 -0.9796 -0.1117
vn -0.8315 -0.0000 -0.5556
vn -0.1671 0.9796 -0.1117
vn -0.3958 -0.8286 -0.3958
vn -0.2743 -0.9217 -0.2743
vn -0.6539 0.3805 -0.6539
vn -0.6937 0.1939 -0.6937
vn -0.1421 -0.9796 -0.1421
vn -0.7071 -0.0000 -0.7071
vn -0.1421 0.9796 -0.1421
vn -0.6937 -0.1939 -0.6937
vn -0.2743 0.9217 -0.2743
vn -0.6539 -0.3805 -0.6539
vn -0.3958 0.8286 -0.3958
vn -0.5893 -0.5528 -0.5893
vn -0.5021 0.7041 -0.5021
vn -0.5021 -0.7041 -0.5021
vn -0.5893 0.5528 -0.5893
vn -0.2155 0.9217 -0.3225
vn -0.3110 0.8286 -0.4654
vn -0.5138 -0.3805 -0.7689
vn -0.4630 -0.5528 -0.6929
vn -0.3945 0.7041 -0.5905
vn -0.3945 -0.7041 -0.5905
vn -0.4630 0.5528 -0.6929
vn -0.3110 -0.8286 -0.4654
vn -0.5138 0.3805 -0.7689
vn -0.2155 -0.9217 -0.3225
vn -0.5450 0.1939 -0.8157
vn -0.1117 -0.9796 -0.1671
vn -0.5556 -0.0000 -0.8315
vn -0.1117 0.9796 -0.1671
vn -0.5450 -0.1939 -0.8157
vn -0.3539 0.3805 -0.8544
vn -0.3754 0.1939 -0.9063
vn -0.1484 -0.9217 -0.3584
vn -0.0769 -0.9796 -0.1857
vn -0.3827 -0.0000 -0.9239
vn -0.0769 0.9796 -0.1857
vn -0.3754 -0.1939 -0.9063
vn -0.1484 0.9217 -0.3584
vn -0.3539 -0.3805 -0.8544
vn -0.2142 0.8286 -0.5172
vn -0.3189 -0.5528 -0.7699
vn -0.2718 0.7041 -0.6561
vn -0.2718 -0.7041 -0.6561
vn -0.3189 0.5528 -0.7699
vn -0.2142 -0.8286 -0.5172
vn -0.1804 -0.3805 -0.9070
vn -0.1626 -0.5528 -0.8173
vn -0.1092 0.8286 -0.5490
vn -0.1385 0.7041 -0.6965
vn -0.1385 -0.7041 -0.6965
vn -0.1626 0.5528 -0.8173
vn -0.1092 -0.8286 -0.5490
vn -0.1804 0.3805 -0.9070
vn -0.0757 -0.9217 -0.3804
vn -0.1914 0.1939 -0.9622
vn -0.0392 -0.9796 -0.1971
vn -0.1951 -0.0000 -0.9808
vn -0.0392 0.9796 -0.1971
vn -0.1914 -0.1939 -0.9622
vn -0.0757 0.9217 -0.3804
vt 0.750000 0.812500
vt 0.750000 0.687500
vt 0.750000 0.562500
vt 0.750000 0.500000
vt 0.750000 0.437500
vt 0.750000 0.312500
vt 0.718750 0.937500
vt 0.718750 0.875000
vt 0.718750 0.812500
vt 0.718750 0.750000
vt 0.718750 0.687500
vt 0.718750 0.625000
vt 0.718750 0.562500
vt 0.718750 0.500000
vt 0.718750 0.437500
vt 0.718750 0.375000
vt 0.718750 0.312500
vt 0.718750 0.250000
vt 0.718750 0.187500
vt 0.718750 0.125000
vt 0.718750 0.062500
vt 0.687500 0.937500
vt 0.687500 0.875000
vt 0.687500 0.812500
vt 0.687500 0.750000
vt 0.687500 0.687500
vt 0.687500 0.625000
vt 0.687500 0.562500
vt 0.687500 0.500000
vt 0.687500 0.437500
vt 0.687500 0.375000
vt 0.687500 0.312500
vt 0.687500 0.250000
vt 0.687500 0.187500
vt 0.687500 0.125000
vt 0.687500 0.062500
vt 0.656250 0.937500
vt 0.656250 0.875000
vt 0.656250 0.812500
vt 0.656250 0.750000
vt 0.656250 0.687500
vt 0.656250 0.625000
vt 0.656250 0.562500
vt 0.656250 0.500000
vt 0.656250 0.437500
vt 0.656250 0.375000
vt 0.656250 0.312500
vt 0.656250 0.250000
vt 0.656250 0.187500
vt 0.656250 0.125000
vt 0.656250 0.062500
vt 0.625000 0.937500
vt 0.625000 0.875000
vt 0.625000 0.812500
vt 0.625000 0.750000
vt 0.625000 0.687500
vt 0.625000 0.625000
vt 0.625000 0.562500
vt 0.625000 0.500000
vt 0.625000 0.437500
vt 0.625000 0.375000
vt 0.625000 0.312500
vt 0.625000 0.250000
vt 0.625000 0.187500
vt 0.625000 0.125000
vt 0.625000 0.062500
vt 0.593750 0.937500
vt 0.593750 0.875000
vt 0.593750 0.812500
vt 0.593750 0.750000
vt 0.593750 0.687500
vt 0.593750 0.625000
vt 0.593750 0.562500
vt 0.593750 0.500000
vt 0.593750 0.437500
vt 0.593750 0.375000
vt 0.593750 0.312500
vt 0.593750 0.250000
vt 0.593750 0.187500
vt 0.593750 0.125000
vt 0.593750 0.062500
vt 0.734375 1.000000
vt 0.703125 1.000000
vt 0.671875 1.000000
vt 0.640625 1.000000
vt 0.609375 1.000000
vt 0.578125 1.000000
vt 0.546875 1.000000
vt 0.515625 1.000000
vt 0.484375 1.000000
vt 0.453125 1.000000
vt 0.421875 1.000000
vt 0.390625 1.000000
vt 0.359375 1.000000
vt 0.328125 1.000000
vt 0.296875 1.000000
vt 0.265625 1.000000
vt 0.234375 1.000000
vt 0.203125 1.000000
vt 0.171875 1.000000
vt 0.140625 1.000000
vt 0.109375 1.000000
vt 0.078125 1.000000
vt 0.046875 1.000000
vt 0.015625 1.000000
vt 0.984375 1.000000
vt 0.953125 1.000000
vt 0.921875 1.000000
vt 0.890625 1.000000
vt 0.859375 1.000000
vt 0.828125 1.000000
vt 0.796875 1.000000
vt 0.765625 1.000000
vt 0.562500 0.937500
vt 0.562500 0.875000
vt 0.562500 0.812500
vt 0.562500 0.750000
vt 0.562500 0.687500
vt 0.562500 0.625000
vt 0.562500 0.562500
vt 0.562500 0.500000
vt 0.562500 0.437500
vt 0.562500 0.375000
vt 0.562500 0.312500
vt 0.562500 0.250000
vt 0.562500 0.187500
vt 0.562500 0.125000
vt 0.562500 0.062500
vt 0.531250 0.937500
vt 0.531250 0.875000
vt 0.531250 0.812500
vt 0.531250 0.750000
vt 0.531250 0.687500
vt 0.531250 0.625000
vt 0.531250 0.562500
vt 0.531250 0.500000
vt 0.531250 0.437500
vt 0.531250 0.375000
vt 0.531250 0.312500
vt 0.531250 0.250000
vt 0.531250 0.187500
vt 0.531250 0.125000
vt 0.531250 0.062500
vt 0.500000 0.937500
vt 0.500000 0.875000
vt 0.500000 0.812500
vt 0.500000 0.750000
vt 0.500000 0.687500
vt 0.500000 0.625000
vt 0.500000 0.562500
vt 0.500000 0.500000
vt 0.500000 0.437500
vt 0.500000 0.375000
vt 0.500000 0.312500
vt 0.500000 0.250000
vt 0.500000 0.187500
vt 0.500000 0.125000
vt 0.500000 0.062500
vt 0.468750 0.937500
vt 0.468750 0.875000
vt 0.468750 0.812500
vt 0.468750 0.750000
vt 0.468750 0.687500
vt 0.468750 0.625000
vt 0.468750 0.562500
vt 0.468750 0.500000
vt 0.468750 0.437500
vt 0.468750 0.375000
vt 0.468750 0.312500
vt 0.468750 0.250000
vt 0.468750 0.187500
vt 0.468750 0.125000
vt 0.468750 0.062500
vt 0.437500 0.937500
vt 0.437500 0.875000
vt 0.437500 0.812500
vt 0.437500 0.750000
vt 0.437500 0.687500
vt 0.437500 0.625000
vt 0.437500 0.562500
vt 0.437500 0.500000
vt 0.437500 0.437500
vt 0.437500 0.375000
vt 0.437500 0.312500
vt 0.437500 0.250000
vt 0.437500 0.187500
vt 0.437500 0.125000
vt 0.437500 0.062500
vt 0.406250 0.937500
vt 0.406250 0.875000
vt 0.406250 0.812500
vt 0.406250 0.750000
vt 0.406250 0.687500
vt 0.406250 0.625000
vt 0.406250 0.562500
vt 0.406250 0.500000
vt 0.406250 0.437500
vt 0.406250 0.375000
vt 0.406250 0.312500
vt 0.406250 0.250000
vt 0.406250 0.187500
vt 0.406250 0.125000
vt 0.406250 0.062500
vt 0.375000 0.937500
vt 0.375000 0.875000
vt 0.375000 0.812500
vt 0.375000 0.750000
vt 0.375000 0.687500
vt 0.375000 0.625000
vt 0.375000 0.562500
vt 0.375000 0.500000
vt 0.375000 0.437500
vt 0.375000 0.375000
vt 0.375000 0.312500
vt 0.375000 0.250000
vt 0.375000 0.187500
vt 0.375000 0.125000
vt 0.375000 0.062500
vt 0.343750 0.937500
vt 0.343750 0.875000
vt 0.343750 0.812500
vt 0.343750 0.750000
vt 0.343750 0.687500
vt 0.343750 0.625000
vt 0.343750 0.562500
vt 0.343750 0.500000
vt 0.343750 0.437500
vt 0.343750 0.375000
vt 0.343750 0.312500
vt 0.343750 0.250000
vt 0.343750 0.187500
vt 0.343750 0.125000
vt 0.343750 0.062500
vt 0.312500 0.937500
vt 0.312500 0.875000
vt 0.312500 0.812500
vt 0.312500 0.750000
vt 0.312500 0.687500
vt 0.312500 0.625000
vt 0.312500 0.562500
vt 0.312500 0.500000
vt 0.312500 0.437500
vt 0.312500 0.375000
vt 0.312500 0.312500
vt 0.312500 0.250000
vt 0.312500 0.187500
vt 0.312500 0.125000
vt 0.312500 0.062500
vt 0.281250 0.937500
vt 0.281250 0.875000
vt 0.281250 0.812500
vt 0.281250 0.750000
vt 0.281250 0.687500
vt 0.281250 0.625000
vt 0.281250 0.562500
vt 0.281250 0.500000
vt 0.281250 0.437500
vt 0.281250 0.375000
vt 0.281250 0.312500
vt 0.281250 0.250000
vt 0.281250 0.187500
vt 0.281250 0.125000
vt 0.281250 0.062500
vt 0.250000 0.937500
vt 0.250000 0.875000
vt 0.250000 0.812500
vt 0.250000 0.750000
vt 0.250000 0.687500
vt 0.250000 0.625000
vt 0.250000 0.562500
vt 0.250000 0.500000
vt 0.250000 0.437500
vt 0.250000 0.375000
vt 0.250000 0.312500
vt 0.250000 0.250000
vt 0.250000 0.187500
vt 0.250000 0.125000
vt 0.250000 0.062500
vt 0.218750 0.937500
vt 0.218750 0.875000
vt 0.218750 0.812500
vt 0.218750 0.750000
vt 0.218750 0.687500
vt 0.218750 0.625000
vt 0.218750 0.562500
vt 0.218750 0.500000
vt 0.218750 0.437500
vt 0.218750 0.375000
vt 0.218750 0.312500
vt 0.218750 0.250000
vt 0.218750 0.187500
vt 0.218750 0.125000
vt 0.218750 0.062500
vt 0.187500 0.937500
vt 0.187500 0.875000
vt 0.187500 0.812500
vt 0.187500 0.750000
vt 0.187500 0.687500
vt 0.187500 0.625000
vt 0.187500 0.562500
vt 0.187500 0.500000
vt 0.187500 0.437500
vt 0.187500 0.375000
vt 0.187500 0.312500
vt 0.187500 0.250000
vt 0.187500 0.187500
vt 0.187500 0.125000
vt 0.187500 0.062500
vt 0.156250 0.937500
vt 0.156250 0.875000
vt 0.156250 0.812500
vt 0.156250 0.750000
vt 0.156250 0.687500
vt 0.156250 0.625000
vt 0.156250 0.562500
vt 0.156250 0.500000
vt 0.156250 0.437500
vt 0.156250 0.375000
vt 0.156250 0.312500
vt 0.156250 0.250000
vt 0.156250 0.187500
vt 0.156250 0.125000
vt 0.156250 0.062500
vt 0.125000 0.937500
vt 0.125000 0.875000
vt 0.125000 0.812500
vt 0.125000 0.750000
vt 0.125000 0.687500
vt 0.125000 0.625000
vt 0.125000 0.562500
vt 0.125000 0.500000
vt 0.125000 0.437500
vt 0.125000 0.375000
vt 0.125000 0.312500
vt 0.125000 0.250000
vt 0.125000 0.187500
vt 0.125000 0.125000
vt 0.125000 0.062500
vt 0.734375 0.000000
vt 0.703125 0.000000
vt 0.671875 0.000000
vt 0.640625 0.000000
vt 0.609375 0.000000
vt 0.578125 0.000000
vt 0.546875 0.000000
vt 0.515625 0.000000
vt 0.484375 0.000000
vt 0.453125 0.000000
vt 0.421875 0.000000
vt 0.390625 0.000000
vt 0.359375 0.000000
vt 0.328125 0.000000
vt 0.296875 0.000000
vt 0.265625 0.000000
vt 0.234375 0.000000
vt 0.203125 0.000000
vt 0.171875 0.000000
vt 0.140625 0.000000
vt 0.109375 0.000000
vt 0.078125 0.000000
vt 0.046875 0.000000
vt 0.015625 0.000000
vt 0.984375 0.000000
vt 0.953125 0.000000
vt 0.921875 0.000000
vt 0.890625 0.000000
vt 0.859375 0.000000
vt 0.828125 0.000000
vt 0.796875 0.000000
vt 0.765625 0.000000
vt 0.093750 0.937500
vt 0.093750 0.875000
vt 0.093750 0.812500
vt 0.093750 0.750000
vt 0.093750 0.687500
vt 0.093750 0.625000
vt 0.093750 0.562500
vt 0.093750 0.500000
vt 0.093750 0.437500
vt 0.093750 0.375000
vt 0.093750 0.312500
vt 0.093750 0.250000
vt 0.093750 0.187500
vt 0.093750 0.125000
vt 0.093750 0.062500
vt 0.062500 0.937500
vt 0.062500 0.875000
vt 0.062500 0.812500
vt 0.062500 0.750000
vt 0.062500 0.687500
vt 0.062500 0.625000
vt 0.062500 0.562500
vt 0.062500 0.500000
vt 0.062500 0.437500
vt 0.062500 0.375000
vt 0.062500 0.312500
vt 0.062500 0.250000
vt 0.062500 0.187500
vt 0.062500 0.125000
vt 0.062500 0.062500
vt 0.031250 0.937500
vt 0.031250 0.875000
vt 0.031250 0.812500
vt 0.031250 0.750000
vt 0.031250 0.687500
vt 0.031250 0.625000
vt 0.031250 0.562500
vt 0.031250 0.500000
vt 0.031250 0.437500
vt 0.031250 0.375000
vt 0.031250 0.312500
vt 0.031250 0.250000
vt 0.031250 0.187500
vt 0.031250 0.125000
vt 0.031250 0.062500
vt 0.000000 0.937500
vt 1.000000 0.937500
vt 0.000000 0.875000
vt 1.000000 0.875000
vt 0.000000 0.812500
vt 1.000000 0.812500
vt 0.000000 0.750000
vt 1.000000 0.750000
vt 0.000000 0.687500
vt 1.000000 0.687500
vt 0.000000 0.625000
vt 1.000000 0.625000
vt 0.000000 0.562500
vt 1.000000 0.562500
vt 0.000000 0.500000
vt 1.000000 0.500000
vt 0.000000 0.437500
vt 1.000000 0.437500
vt 0.000000 0.375000
vt 1.000000 0.375000
vt 0.000000 0.312500
vt 1.000000 0.312500
vt 0.000000 0.250000
vt 1.000000 0.250000
vt 0.000000 0.187500
vt 1.000000 0.187500
vt 0.000000 0.125000
vt 1.000000 0.125000
vt 0.000000 0.062500
vt 1.000000 0.062500
vt 0.968750 0.937500
vt 0.968750 0.875000
vt 0.968750 0.812500
vt 0.968750 0.750000
vt 0.968750 0.687500
vt 0.968750 0.625000
vt 0.968750 0.562500
vt 0.968750 0.500000
vt 0.968750 0.437500
vt 0.968750 0.375000
vt 0.968750 0.312500
vt 0.968750 0.250000
vt 0.968750 0.187500
vt 0.968750 0.125000
vt 0.968750 0.062500
vt 0.937500 0.937500
vt 0.937500 0.875000
vt 0.937500 0.812500
vt 0.937500 0.750000
vt 0.937500 0.687500
vt 0.937500 0.625000
vt 0.937500 0.562500
vt 0.937500 0.500000
vt 0.937500 0.437500
vt 0.937500 0.375000
vt 0.937500 0.312500
vt 0.937500 0.250000
vt 0.937500 0.187500
vt 0.937500 0.125000
vt 0.937500 0.062500
vt 0.906250 0.937500
vt 0.906250 0.875000
vt 0.906250 0.812500
vt 0.906250 0.750000
vt 0.906250 0.687500
vt 0.906250 0.625000
vt 0.906250 0.562500
vt 0.906250 0.500000
vt 0.906250 0.437500
vt 0.906250 0.375000
vt 0.906250 0.312500
vt 0.906250 0.250000
vt 0.906250 0.187500
vt 0.906250 0.125000
vt 0.906250 0.062500
vt 0.875000 0.937500
vt 0.875000 0.875000
vt 0.875000 0.812500
vt 0.875000 0.750000
vt 0.875000 0.687500
vt 0.875000 0.625000
vt 0.875000 0.562500
vt 0.875000 0.500000
vt 0.875000 0.437500
vt 0.875000 0.375000
vt 0.875000 0.312500
vt 0.875000 0.250000
vt 0.875000 0.187500
vt 0.875000 0.125000
vt 0.875000 0.062500
vt 0.843750 0.937500
vt 0.843750 0.875000
vt 0.843750 0.812500
vt 0.843750 0.750000
vt 0.843750 0.687500
vt 0.843750 0.625000
vt 0.843750 0.562500
vt 0.843750 0.500000
vt 0.843750 0.437500
vt 0.843750 0.375000
vt 0.843750 0.312500
vt 0.843750 0.250000
vt 0.843750 0.187500
vt 0.843750 0.125000
vt 0.843750 0.062500
vt 0.812500 0.937500
vt 0.812500 0.875000
vt 0.812500 0.812500
vt 0.812500 0.750000
vt 0.812500 0.687500
vt 0.812500 0.625000
vt 0.812500 0.562500
vt 0.812500 0.500000
vt 0.812500 0.437500
vt 0.812500 0.375000
vt 0.812500 0.312500
vt 0.812500 0.250000
vt 0.812500 0.187500
vt 0.812500 0.125000
vt 0.812500 0.062500
vt 0.781250 0.937500
vt 0.781250 0.875000
vt 0.781250 0.812500
vt 0.781250 0.750000
vt 0.781250 0.687500
vt 0.781250 0.625000
vt 0.781250 0.562500
vt 0.781250 0.500000
vt 0.781250 0.437500
vt 0.781250 0.375000
vt 0.781250 0.312500
vt 0.781250 0.250000
vt 0.781250 0.187500
vt 0.781250 0.125000
vt 0.781250 0.062500
vt 0.750000 0.937500
vt 0.750000 0.875000
vt 0.750000 0.750000
vt 0.750000 0.625000
vt 0.750000 0.375000
vt 0.750000 0.250000
vt 0.750000 0.187500
vt 0.750000 0.125000
vt 0.750000 0.062500
s 1
usemtl Material.002
f 506/602/27 505/601/28 44/63/29 45/64/30
f 28/47/31 27/46/32 37/56/33 38/57/34
f 498/594/35 106/125/36 31/50/37
f 332/382/38 506/602/27 45/64/30
f 29/48/39 28/47/31 38/57/34 39/58/40
f 499/595/41 498/594/35 31/50/37 32/51/42
f 502/598/43 29/48/39 39/58/40 40/59/44
f 25/44/45 499/595/41 32/51/42 33/52/46
f 30/49/47 502/598/43 40/59/44 41/60/48
f 500/596/49 25/44/45 33/52/46 34/53/50
f 503/599/51 30/49/47 41/60/48 42/61/52
f 26/45/53 500/596/49 34/53/50 35/54/54
f 504/600/55 503/599/51 42/61/52 43/62/56
f 501/597/57 26/45/53 35/54/54 36/55/58
f 505/601/28 504/600/55 43/62/56 44/63/29
f 27/46/32 501/597/57 36/55/58 37/56/33
f 36/55/58 35/54/54 50/69/59 51/70/60
f 44/63/29 43/62/56 58/77/61 59/78/62
f 37/56/33 36/55/58 51/70/60 52/71/63
f 45/64/30 44/63/29 59/78/62 60/79/64
f 38/57/34 37/56/33 52/71/63 53/72/65
f 31/50/37 106/126/36 46/65/66
f 332/383/38 45/64/30 60/79/64
f 39/58/40 38/57/34 53/72/65 54/73/67
f 32/51/42 31/50/37 46/65/66 47/66/68
f 40/59/44 39/58/40 54/73/67 55/74/69
f 33/52/46 32/51/42 47/66/68 48/67/70
f 41/60/48 40/59/44 55/74/69 56/75/71
f 34/53/50 33/52/46 48/67/70 49/68/72
f 42/61/52 41/60/48 56/75/71 57/76/73
f 35/54/54 34/53/50 49/68/72 50/69/59
f 43/62/56 42/61/52 57/76/73 58/77/61
f 55/74/69 54/73/67 69/88/74 70/89/75
f 48/67/70 47/66/68 62/81/76 63/82/77
f 56/75/71 55/74/69 70/89/75 71/90/78
f 49/68/72 48/67/70 63/82/77 64/83/79
f 57/76/73 56/75/71 71/90/78 72/91/80
f 50/69/59 49/68/72 64/83/79 65/84/81
f 58/77/61 57/76/73 72/91/80 73/92/82
f 51/70/60 50/69/59 65/84/81 66/85/83
f 59/78/62 58/77/61 73/92/82 74/93/84
f 52/71/63 51/70/60 66/85/83 67/86/85
f 60/79/64 59/78/62 74/93/84 75/94/86
f 53/72/65 52/71/63 67/86/85 68/87/87
f 46/65/66 106/127/36 61/80/88
f 332/384/38 60/79/64 75/94/86
f 54/73/67 53/72/65 68/87/87 69/88/74
f 47/66/68 46/65/66 61/80/88 62/81/76
f 74/93/84 73/92/82 88/107/89 89/108/90
f 67/86/85 66/85/83 81/100/91 82/101/92
f 75/94/86 74/93/84 89/108/90 90/109/93
f 68/87/87 67/86/85 82/101/92 83/102/94
f 61/80/88 106/128/36 76/95/95
f 332/385/38 75/94/86 90/109/93
f 69/88/74 68/87/87 83/102/94 84/103/96
f 62/81/76 61/80/88 76/95/95 77/96/97
f 70/89/75 69/88/74 84/103/96 85/104/98
f 63/82/77 62/81/76 77/96/97 78/97/99
f 71/90/78 70/89/75 85/104/98 86/105/100
f 64/83/79 63/82/77 78/97/99 79/98/101
f 72/91/80 71/90/78 86/105/100 87/106/102
f 65/84/81 64/83/79 79/98/101 80/99/103
f 73/92/82 72/91/80 87/106/102 88/107/89
f 66/85/83 65/84/81 80/99/103 81/100/91
f 86/105/100 85/104/98 100/119/104 101/120/105
f 79/98/101 78/97/99 93/112/106 94/113/107
f 87/106/102 86/105/100 101/120/105 102/121/108
f 80/99/103 79/98/101 94/113/107 95/114/109
f 88/107/89 87/106/102 102/121/108 103/122/110
f 81/100/91 80/99/103 95/114/109 96/115/111
f 89/108/90 88/107/89 103/122/110 104/123/112
f 82/101/92 81/100/91 96/115/111 97/116/113
f 90/109/93 89/108/90 104/123/112 105/124/114
f 83/102/94 82/101/92 97/116/113 98/117/115
f 76/95/95 106/129/36 91/110/116
f 332/386/38 90/109/93 105/124/114
f 84/103/96 83/102/94 98/117/115 99/118/117
f 77/96/97 76/95/95 91/110/116 92/111/118
f 85/104/98 84/103/96 99/118/117 100/119/104
f 78/97/99 77/96/97 92/111/118 93/112/106
f 105/124/114 104/123/112 120/170/119 121/171/120
f 98/117/115 97/116/113 113/163/121 114/164/122
f 91/110/116 106/130/36 107/157/123
f 332/387/38 105/124/114 121/171/120
f 99/118/117 98/117/115 114/164/122 115/165/124
f 92/111/118 91/110/116 107/157/123 108/158/125
f 100/119/104 99/118/117 115/165/124 116/166/126
f 93/112/106 92/111/118 108/158/125 109/159/127
f 101/120/105 100/119/104 116/166/126 117/167/128
f 94/113/107 93/112/106 109/159/127 110/160/129
f 102/121/108 101/120/105 117/167/128 118/168/130
f 95/114/109 94/113/107 110/160/129 111/161/131
f 103/122/110 102/121/108 118/168/130 119/169/132
f 96/115/111 95/114/109 111/161/131 112/162/133
f 104/123/112 103/122/110 119/169/132 120/170/119
f 97/116/113 96/115/111 112/162/133 113/163/121
f 110/160/129 109/159/127 124/174/134 125/175/135
f 118/168/130 117/167/128 132/182/136 133/183/137
f 111/161/131 110/160/129 125/175/135 126/176/138
f 119/169/132 118/168/130 133/183/137 134/184/139
f 112/162/133 111/161/131 126/176/138 127/177/140
f 120/170/119 119/169/132 134/184/139 135/185/141
f 113/163/121 112/162/133 127/177/140 128/178/142
f 121/171/120 120/170/119 135/185/141 136/186/143
f 114/164/122 113/163/121 128/178/142 129/179/144
f 107/157/123 106/131/36 122/172/145
f 332/388/38 121/171/120 136/186/143
f 115/165/124 114/164/122 129/179/144 130/180/146
f 108/158/125 107/157/123 122/172/145 123/173/147
f 116/166/126 115/165/124 130/180/146 131/181/148
f 109/159/127 108/158/125 123/173/147 124/174/134
f 117/167/128 116/166/126 131/181/148 132/182/136
f 129/179/144 128/178/142 143/193/149 144/194/150
f 122/172/145 106/132/36 137/187/151
f 332/389/38 136/186/143 151/201/152
f 130/180/146 129/179/144 144/194/150 145/195/153
f 123/173/147 122/172/145 137/187/151 138/188/154
f 131/181/148 130/180/146 145/195/153 146/196/155
f 124/174/134 123/173/147 138/188/154 139/189/156
f 132/182/136 131/181/148 146/196/155 147/197/157
f 125/175/135 124/174/134 139/189/156 140/190/158
f 133/183/137 132/182/136 147/197/157 148/198/159
f 126/176/138 125/175/135 140/190/158 141/191/160
f 134/184/139 133/183/137 148/198/159 149/199/161
f 127/177/140 126/176/138 141/191/160 142/192/162
f 135/185/141 134/184/139 149/199/161 150/200/163
f 128/178/142 127/177/140 142/192/162 143/193/149
f 136/186/143 135/185/141 150/200/163 151/201/152
f 148/198/159 147/197/157 162/212/164 163/213/165
f 141/191/160 140/190/158 155/205/166 156/206/167
f 149/199/161 148/198/159 163/213/165 164/214/168
f 142/192/162 141/191/160 156/206/167 157/207/169
f 150/200/163 149/199/161 164/214/168 165/215/170
f 143/193/149 142/192/162 157/207/169 158/208/171
f 151/201/152 150/200/163 165/215/170 166/216/172
f 144/194/150 143/193/149 158/208/171 159/209/173
f 137/187/151 106/133/36 152/202/174
f 332/390/38 151/201/152 166/216/172
f 145/195/153 144/194/150 159/209/173 160/210/175
f 138/188/154 137/187/151 152/202/174 153/203/176
f 146/196/155 145/195/153 160/210/175 161/211/177
f 139/189/156 138/188/154 153/203/176 154/204/178
f 147/197/157 146/196/155 161/211/177 162/212/164
f 140/190/158 139/189/156 154/204/178 155/205/166
f 152/202/174 106/134/36 167/217/179
f 332/391/38 166/216/172 181/231/180
f 160/210/175 159/209/173 174/224/181 175/225/182
f 153/203/176 152/202/174 167/217/179 168/218/183
f 161/211/177 160/210/175 175/225/182 176/226/184
f 154/204/178 153/203/176 168/218/183 169/219/185
f 162/212/164 161/211/177 176/226/184 177/227/186
f 155/205/166 154/204/178 169/219/185 170/220/187
f 163/213/165 162/212/164 177/227/186 178/228/188
f 156/206/167 155/205/166 170/220/187 171/221/189
f 164/214/168 163/213/165 178/228/188 179/229/190
f 157/207/169 156/206/167 171/221/189 172/222/191
f 165/215/170 164/214/168 179/229/190 180/230/192
f 158/208/171 157/207/169 172/222/191 173/223/193
f 166/216/172 165/215/170 180/230/192 181/231/180
f 159/209/173 158/208/171 173/223/193 174/224/181
f 171/221/189 170/220/187 185/235/194 186/236/195
f 179/229/190 178/228/188 193/243/196 194/244/197
f 172/222/191 171/221/189 186/236/195 187/237/198
f 180/230/192 179/229/190 194/244/197 195/245/199
f 173/223/193 172/222/191 187/237/198 188/238/200
f 181/231/180 180/230/192 195/245/199 196/246/201
f 174/224/181 173/223/193 188/238/200 189/239/202
f 167/217/179 106/135/36 182/232/203
f 332/392/38 181/231/180 196/246/201
f 175/225/182 174/224/181 189/239/202 190/240/204
f 168/218/183 167/217/179 182/232/203 183/233/205
f 176/226/184 175/225/182 190/240/204 191/241/206
f 169/219/185 168/218/183 183/233/205 184/234/207
f 177/227/186 176/226/184 191/241/206 192/242/208
f 170/220/187 169/219/185 184/234/207 185/235/194
f 178/228/188 177/227/186 192/242/208 193/243/196
f 190/240/204 189/239/202 204/254/209 205/255/210
f 183/233/205 182/232/203 197/247/211 198/248/212
f 191/241/206 190/240/204 205/255/210 206/256/213
f 184/234/207 183/233/205 198/248/212 199/249/214
f 192/242/208 191/241/206 206/256/213 207/257/215
f 185/235/194 184/234/207 199/249/214 200/250/216
f 193/243/196 192/242/208 207/257/215 208/258/217
f 186/236/195 185/235/194 200/250/216 201/251/218
f 194/244/197 193/243/196 208/258/217 209/259/219
f 187/237/198 186/236/195 201/251/218 202/252/220
f 195/245/199 194/244/197 209/259/219 210/260/221
f 188/238/200 187/237/198 202/252/220 203/253/222
f 196/246/201 195/245/199 210/260/221 211/261/223
f 189/239/202 188/238/200 203/253/222 204/254/209
f 182/232/203 106/136/36 197/247/211
f 332/393/38 196/246/201 211/261/223
f 209/259/219 208/258/217 223/273/224 224/274/225
f 202/252/220 201/251/218 216/266/226 217/267/227
f 210/260/221 209/259/219 224/274/225 225/275/228
f 203/253/222 202/252/220 217/267/227 218/268/229
f 211/261/223 210/260/221 225/275/228 226/276/230
f 204/254/209 203/253/222 218/268/229 219/269/231
f 197/247/211 106/137/36 212/262/232
f 332/394/38 211/261/223 226/276/230
f 205/255/210 204/254/209 219/269/231 220/270/233
f 198/248/212 197/247/211 212/262/232 213/263/234
f 206/256/213 205/255/210 220/270/233 221/271/235
f 199/249/214 198/248/212 213/263/234 214/264/236
f 207/257/215 206/256/213 221/271/235 222/272/237
f 200/250/216 199/249/214 214/264/236 215/265/238
f 208/258/217 207/257/215 222/272/237 223/273/224
f 201/251/218 200/250/216 215/265/238 216/266/226
f 221/271/235 220/270/233 235/285/239 236/286/240
f 214/264/236 213/263/234 228/278/241 229/279/242
f 222/272/237 221/271/235 236/286/240 237/287/243
f 215/265/238 214/264/236 229/279/242 230/280/244
f 223/273/224 222/272/237 237/287/243 238/288/245
f 216/266/226 215/265/238 230/280/244 231/281/246
f 224/274/225 223/273/224 238/288/245 239/289/247
f 217/267/227 216/266/226 231/281/246 232/282/248
f 225/275/228 224/274/225 239/289/247 240/290/249
f 218/268/229 217/267/227 232/282/248 233/283/250
f 226/276/230 225/275/228 240/290/249 241/291/251
f 219/269/231 218/268/229 233/283/250 234/284/252
f 212/262/232 106/138/36 227/277/253
f 332/395/38 226/276/230 241/291/251
f 220/270/233 219/269/231 234/284/252 235/285/239
f 213/263/234 212/262/232 227/277/253 228/278/241
f 240/290/249 239/289/247 254/304/254 255/305/255
f 233/283/250 232/282/248 247/297/256 248/298/257
f 241/291/251 240/290/249 255/305/255 256/306/258
f 234/284/252 233/283/250 248/298/257 249/299/259
f 227/277/253 106/139/36 242/292/260
f 332/396/38 241/291/251 256/306/258
f 235/285/239 234/284/252 249/299/259 250/300/261
f 228/278/241 227/277/253 242/292/260 243/293/262
f 236/286/240 235/285/239 250/300/261 251/301/263
f 229/279/242 228/278/241 243/293/262 244/294/264
f 237/287/243 236/286/240 251/301/263 252/302/265
f 230/280/244 229/279/242 244/294/264 245/295/266
f 238/288/245 237/287/243 252/302/265 253/303/267
f 231/281/246 230/280/244 245/295/266 246/296/268
f 239/289/247 238/288/245 253/303/267 254/304/254
f 232/282/248 231/281/246 246/296/268 247/297/256
f 244/294/264 243/293/262 258/308/269 259/309/270
f 252/302/265 251/301/263 266/316/271 267/317/272
f 245/295/266 244/294/264 259/309/270 260/310/273
f 253/303/267 252/302/265 267/317/272 268/318/274
f 246/296/268 245/295/266 260/310/273 261/311/275
f 254/304/254 253/303/267 268/318/274 269/319/276
f 247/297/256 246/296/268 261/311/275 262/312/277
f 255/305/255 254/304/254 269/319/276 270/320/278
f 248/298/257 247/297/256 262/312/277 263/313/279
f 256/306/258 255/305/255 270/320/278 271/321/280
f 249/299/259 248/298/257 263/313/279 264/314/281
f 242/292/260 106/140/36 257/307/282
f 332/397/38 256/306/258 271/321/280
f 250/300/261 249/299/259 264/314/281 265/315/283
f 243/293/262 242/292/260 257/307/282 258/308/269
f 251/301/263 250/300/261 265/315/283 266/316/271
f 263/313/279 262/312/277 277/327/284 278/328/285
f 271/321/280 270/320/278 285/335/286 286/336/287
f 264/314/281 263/313/279 278/328/285 279/329/288
f 257/307/282 106/141/36 272/322/289
f 332/398/38 271/321/280 286/336/287
f 265/315/283 264/314/281 279/329/288 280/330/290
f 258/308/269 257/307/282 272/322/289 273/323/291
f 266/316/271 265/315/283 280/330/290 281/331/292
f 259/309/270 258/308/269 273/323/291 274/324/293
f 267/317/272 266/316/271 281/331/292 282/332/294
f 260/310/273 259/309/270 274/324/293 275/325/295
f 268/318/274 267/317/272 282/332/294 283/333/296
f 261/311/275 260/310/273 275/325/295 276/326/297
f 269/319/276 268/318/274 283/333/296 284/334/298
f 262/312/277 261/311/275 276/326/297 277/327/284
f 270/320/278 269/319/276 284/334/298 285/335/286
f 282/332/294 281/331/292 296/346/299 297/347/300
f 275/325/295 274/324/293 289/339/301 290/340/302
f 283/333/296 282/332/294 297/347/300 298/348/303
f 276/326/297 275/325/295 290/340/302 291/341/304
f 284/334/298 283/333/296 298/348/303 299/349/305
f 277/327/284 276/326/297 291/341/304 292/342/306
f 285/335/286 284/334/298 299/349/305 300/350/307
f 278/328/285 277/327/284 292/342/306 293/343/308
f 286/336/287 285/335/286 300/350/307 301/351/309
f 279/329/288 278/328/285 293/343/308 294/344/310
f 272/322/289 106/142/36 287/337/311
f 332/399/38 286/336/287 301/351/309
f 280/330/290 279/329/288 294/344/310 295/345/312
f 273/323/291 272/322/289 287/337/311 288/338/313
f 281/331/292 280/330/290 295/345/312 296/346/299
f 274/324/293 273/323/291 288/338/313 289/339/301
f 301/351/309 300/350/307 315/365/314 316/366/315
f 294/344/310 293/343/308 308/358/316 309/359/317
f 287/337/311 106/143/36 302/352/318
f 332/400/38 301/351/309 316/366/315
f 295/345/312 294/344/310 309/359/317 310/360/319
f 288/338/313 287/337/311 302/352/318 303/353/320
f 296/346/299 295/345/312 310/360/319 311/361/321
f 289/339/301 288/338/313 303/353/320 304/354/322
f 297/347/300 296/346/299 311/361/321 312/362/323
f 290/340/302 289/339/301 304/354/322 305/355/324
f 298/348/303 297/347/300 312/362/323 313/363/325
f 291/341/304 290/340/302 305/355/324 306/356/326
f 299/349/305 298/348/303 313/363/325 314/364/327
f 292/342/306 291/341/304 306/356/326 307/357/328
f 300/350/307 299/349/305 314/364/327 315/365/314
f 293/343/308 292/342/306 307/357/328 308/358/316
f 305/355/324 304/354/322 319/369/329 320/370/330
f 313/363/325 312/362/323 327/377/331 328/378/332
f 306/356/326 305/355/324 320/370/330 321/371/333
f 314/364/327 313/363/325 328/378/332 329/379/334
f 307/357/328 306/356/326 321/371/333 322/372/335
f 315/365/314 314/364/327 329/379/334 330/380/336
f 308/358/316 307/357/328 322/372/335 323/373/337
f 316/366/315 315/365/314 330/380/336 331/381/338
f 309/359/317 308/358/316 323/373/337 324/374/339
f 302/352/318 106/144/36 317/367/340
f 332/401/38 316/366/315 331/381/338
f 310/360/319 309/359/317 324/374/339 325/375/341
f 303/353/320 302/352/318 317/367/340 318/368/342
f 311/361/321 310/360/319 325/375/341 326/376/343
f 304/354/322 303/353/320 318/368/342 319/369/329
f 312/362/323 311/361/321 326/376/343 327/377/331
f 324/374/339 323/373/337 339/420/344 340/421/345
f 317/367/340 106/145/36 333/414/346
f 332/402/38 331/381/338 347/428/347
f 325/375/341 324/374/339 340/421/345 341/422/348
f 318/368/342 317/367/340 333/414/346 334/415/349
f 326/376/343 325/375/341 341/422/348 342/423/350
f 319/369/329 318/368/342 334/415/349 335/416/351
f 327/377/331 326/376/343 342/423/350 343/424/352
f 320/370/330 319/369/329 335/416/351 336/417/353
f 328/378/332 327/377/331 343/424/352 344/425/354
f 321/371/333 320/370/330 336/417/353 337/418/355
f 329/379/334 328/378/332 344/425/354 345/426/356
f 322/372/335 321/371/333 337/418/355 338/419/357
f 330/380/336 329/379/334 345/426/356 346/427/358
f 323/373/337 322/372/335 338/419/357 339/420/344
f 331/381/338 330/380/336 346/427/358 347/428/347
f 344/425/354 343/424/352 358/439/359 359/440/360
f 337/418/355 336/417/353 351/432/361 352/433/362
f 345/426/356 344/425/354 359/440/360 360/441/363
f 338/419/357 337/418/355 352/433/362 353/434/364
f 346/427/358 345/426/356 360/441/363 361/442/365
f 339/420/344 338/419/357 353/434/364 354/435/366
f 347/428/347 346/427/358 361/442/365 362/443/367
f 340/421/345 339/420/344 354/435/366 355/436/368
f 333/414/346 106/146/36 348/429/369
f 332/403/38 347/428/347 362/443/367
f 341/422/348 340/421/345 355/436/368 356/437/370
f 334/415/349 333/414/346 348/429/369 349/430/371
f 342/423/350 341/422/348 356/437/370 357/438/372
f 335/416/351 334/415/349 349/430/371 350/431/373
f 343/424/352 342/423/350 357/438/372 358/439/359
f 336/417/353 335/416/351 350/431/373 351/432/361
f 332/404/38 362/443/367 377/458/374
f 356/437/370 355/436/368 370/451/375 371/452/376
f 349/430/371 348/429/369 363/444/377 364/445/378
f 357/438/372 356/437/370 371/452/376 372/453/379
f 350/431/373 349/430/371 364/445/378 365/446/380
f 358/439/359 357/438/372 372/453/379 373/454/381
f 351/432/361 350/431/373 365/446/380 366/447/382
f 359/440/360 358/439/359 373/454/381 374/455/383
f 352/433/362 351/432/361 366/447/382 367/448/384
f 360/441/363 359/440/360 374/455/383 375/456/385
f 353/434/364 352/433/362 367/448/384 368/449/386
f 361/442/365 360/441/363 375/456/385 376/457/387
f 354/435/366 353/434/364 368/449/386 369/450/388
f 362/443/367 361/442/365 376/457/387 377/458/374
f 355/436/368 354/435/366 369/450/388 370/451/375
f 348/429/369 106/147/36 363/444/377
f 375/456/385 374/455/383 389/481/389 390/483/390
f 368/449/386 367/448/384 382/467/391 383/469/392
f 376/457/387 375/456/385 390/483/390 391/485/393
f 369/450/388 368/449/386 383/469/392 384/471/394
f 377/458/374 376/457/387 391/485/393 392/487/395
f 370/451/375 369/450/388 384/471/394 385/473/396
f 363/444/377 106/148/36 378/459/397
f 332/405/38 377/458/374 392/487/395
f 371/452/376 370/451/375 385/473/396 386/475/398
f 364/445/378 363/444/377 378/459/397 379/461/399
f 372/453/379 371/452/376 386/475/398 387/477/400
f 365/446/380 364/445/378 379/461/399 380/463/401
f 373/454/381 372/453/379 387/477/400 388/479/402
f 366/447/382 365/446/380 380/463/401 381/465/403
f 374/455/383 373/454/381 388/479/402 389/481/389
f 367/448/384 366/447/382 381/465/403 382/467/391
f 379/462/399 378/460/397 393/489/404 394/490/405
f 387/478/400 386/476/398 401/497/406 402/498/407
f 380/464/401 379/462/399 394/490/405 395/491/408
f 388/480/402 387/478/400 402/498/407 403/499/409
f 381/466/403 380/464/401 395/491/408 396/492/410
f 389/482/389 388/480/402 403/499/409 404/500/411
f 382/468/391 381/466/403 396/492/410 397/493/412
f 390/484/390 389/482/389 404/500/411 405/501/413
f 383/470/392 382/468/391 397/493/412 398/494/414
f 391/486/393 390/484/390 405/501/413 406/502/415
f 384/472/394 383/470/392 398/494/414 399/495/416
f 392/488/395 391/486/393 406/502/415 407/503/417
f 385/474/396 384/472/394 399/495/416 400/496/418
f 378/460/397 106/149/36 393/489/404
f 332/406/38 392/488/395 407/503/417
f 386/476/398 385/474/396 400/496/418 401/497/406
f 398/494/414 397/493/412 412/508/419 413/509/420
f 406/502/415 405/501/413 420/516/421 421/517/422
f 399/495/416 398/494/414 413/509/420 414/510/423
f 407/503/417 406/502/415 421/517/422 422/518/424
f 400/496/418 399/495/416 414/510/423 415/511/425
f 393/489/404 106/150/36 408/504/426
f 332/407/38 407/503/417 422/518/424
f 401/497/406 400/496/418 415/511/425 416/512/427
f 394/490/405 393/489/404 408/504/426 409/505/428
f 402/498/407 401/497/406 416/512/427 417/513/429
f 395/491/408 394/490/405 409/505/428 410/506/430
f 403/499/409 402/498/407 417/513/429 418/514/431
f 396/492/410 395/491/408 410/506/430 411/507/432
f 404/500/411 403/499/409 418/514/431 419/515/433
f 397/493/412 396/492/410 411/507/432 412/508/419
f 405/501/413 404/500/411 419/515/433 420/516/421
f 417/513/429 416/512/427 431/527/434 432/528/435
f 410/506/430 409/505/428 424/520/436 425/521/437
f 418/514/431 417/513/429 432/528/435 433/529/438
f 411/507/432 410/506/430 425/521/437 426/522/439
f 419/515/433 418/514/431 433/529/438 434/530/440
f 412/508/419 411/507/432 426/522/439 427/523/441
f 420/516/421 419/515/433 434/530/440 435/531/442
f 413/509/420 412/508/419 427/523/441 428/524/443
f 421/517/422 420/516/421 435/531/442 436/532/444
f 414/510/423 413/509/420 428/524/443 429/525/445
f 422/518/424 421/517/422 436/532/444 437/533/446
f 415/511/425 414/510/423 429/525/445 430/526/447
f 408/504/426 106/151/36 423/519/448
f 332/408/38 422/518/424 437/533/446
f 416/512/427 415/511/425 430/526/447 431/527/434
f 409/505/428 408/504/426 423/519/448 424/520/436
f 436/532/444 435/531/442 450/546/449 451/547/450
f 429/525/445 428/524/443 443/539/451 444/540/452
f 437/533/446 436/532/444 451/547/450 452/548/453
f 430/526/447 429/525/445 444/540/452 445/541/454
f 423/519/448 106/152/36 438/534/455
f 332/409/38 437/533/446 452/548/453
f 431/527/434 430/526/447 445/541/454 446/542/456
f 424/520/436 423/519/448 438/534/455 439/535/457
f 432/528/435 431/527/434 446/542/456 447/543/458
f 425/521/437 424/520/436 439/535/457 440/536/459
f 433/529/438 432/528/435 447/543/458 448/544/460
f 426/522/439 425/521/437 440/536/459 441/537/461
f 434/530/440 433/529/438 448/544/460 449/545/462
f 427/523/441 426/522/439 441/537/461 442/538/463
f 435/531/442 434/530/440 449/545/462 450/546/449
f 428/524/443 427/523/441 442/538/463 443/539/451
f 440/536/459 439/535/457 454/550/464 455/551/465
f 448/544/460 447/543/458 462/558/466 463/559/467
f 441/537/461 440/536/459 455/551/465 456/552/468
f 449/545/462 448/544/460 463/559/467 464/560/469
f 442/538/463 441/537/461 456/552/468 457/553/470
f 450/546/449 449/545/462 464/560/469 465/561/471
f 443/539/451 442/538/463 457/553/470 458/554/472
f 451/547/450 450/546/449 465/561/471 466/562/473
f 444/540/452 443/539/451 458/554/472 459/555/474
f 452/548/453 451/547/450 466/562/473 467/563/475
f 445/541/454 444/540/452 459/555/474 460/556/476
f 438/534/455 106/153/36 453/549/477
f 332/410/38 452/548/453 467/563/475
f 446/542/456 445/541/454 460/556/476 461/557/478
f 439/535/457 438/534/455 453/549/477 454/550/464
f 447/543/458 446/542/456 461/557/478 462/558/466
f 459/555/474 458/554/472 473/569/479 474/570/480
f 467/563/475 466/562/473 481/577/481 482/578/482
f 460/556/476 459/555/474 474/570/480 475/571/483
f 453/549/477 106/154/36 468/564/484
f 332/411/38 467/563/475 482/578/482
f 461/557/478 460/556/476 475/571/483 476/572/485
f 454/550/464 453/549/477 468/564/484 469/565/486
f 462/558/466 461/557/478 476/572/485 477/573/487
f 455/551/465 454/550/464 469/565/486 470/566/488
f 463/559/467 462/558/466 477/573/487 478/574/489
f 456/552/468 455/551/465 470/566/488 471/567/490
f 464/560/469 463/559/467 478/574/489 479/575/491
f 457/553/470 456/552/468 471/567/490 472/568/492
f 465/561/471 464/560/469 479/575/491 480/576/493
f 458/554/472 457/553/470 472/568/492 473/569/479
f 466/562/473 465/561/471 480/576/493 481/577/481
f 478/574/489 477/573/487 492/588/494 493/589/495
f 471/567/490 470/566/488 485/581/496 486/582/497
f 479/575/491 478/574/489 493/589/495 494/590/498
f 472/568/492 471/567/490 486/582/497 487/583/499
f 480/576/493 479/575/491 494/590/498 495/591/500
f 473/569/479 472/568/492 487/583/499 488/584/501
f 481/577/481 480/576/493 495/591/500 496/592/502
f 474/570/480 473/569/479 488/584/501 489/585/503
f 482/578/482 481/577/481 496/592/502 497/593/504
f 475/571/483 474/570/480 489/585/503 490/586/505
f 468/564/484 106/155/36 483/579/506
f 332/412/38 482/578/482 497/593/504
f 476/572/485 475/571/483 490/586/505 491/587/507
f 469/565/486 468/564/484 483/579/506 484/580/508
f 477/573/487 476/572/485 491/587/507 492/588/494
f 470/566/488 469/565/486 484/580/508 485/581/496
f 497/593/504 496/592/502 505/601/28 506/602/27
f 490/586/505 489/585/503 27/46/32 28/47/31
f 483/579/506 106/156/36 498/594/35
f 332/413/38 497/593/504 506/602/27
f 491/587/507 490/586/505 28/47/31 29/48/39
f 484/580/508 483/579/506 498/594/35 499/595/41
f 492/588/494 491/587/507 29/48/39 502/598/43
f 485/581/496 484/580/508 499/595/41 25/44/45
f 493/589/495 492/588/494 502/598/43 30/49/47
f 486/582/497 485/581/496 25/44/45 500/596/49
f 494/590/498 493/589/495 30/49/47 503/599/51
f 487/583/499 486/582/497 500/596/49 26/45/53
f 495/591/500 494/590/498 503/599/51 504/600/55
f 488/584/501 487/583/499 26/45/53 501/597/57
f 496/592/502 495/591/500 504/600/55 505/601/28
f 489/585/503 488/584/501 501/597/57 27/46/32
o Sphere.001
v 0.427328 0.224772 0.997282
v 0.427328 0.161151 0.933661
v 0.427328 0.078025 0.899229
v 0.427328 0.033038 0.894799
v 0.427328 -0.011949 0.899229
v 0.436105 0.259204 1.081272
v 0.444544 0.246082 1.038845
v 0.452322 0.224772 0.999744
v 0.459139 0.196095 0.965472
v 0.464734 0.161151 0.937345
v 0.468891 0.121284 0.916445
v 0.471451 0.078025 0.903575
v 0.472316 0.033038 0.899229
v 0.471451 -0.011949 0.903575
v 0.444544 0.259204 1.083832
v 0.461099 0.246082 1.043867
v 0.476355 0.224772 1.007034
v 0.489727 0.196095 0.974751
v 0.500702 0.161151 0.948256
v 0.508857 0.121284 0.928569
v 0.513878 0.078025 0.916445
v 0.515574 0.033038 0.912352
v 0.513878 -0.011949 0.916445
v 0.452322 0.259204 1.087989
v 0.476355 0.246082 1.052022
v 0.498504 0.224772 1.018873
v 0.517918 0.196095 0.989819
v 0.533850 0.161151 0.965974
v 0.545689 0.121284 0.948256
v 0.552979 0.078025 0.937345
v 0.555441 0.033038 0.933661
v 0.552979 -0.011949 0.937345
v 0.459139 0.259204 1.093584
v 0.489727 0.246082 1.062996
v 0.517918 0.224772 1.034806
v 0.542627 0.196095 1.010097
v 0.562905 0.161151 0.989819
v 0.577973 0.121284 0.974751
v 0.587252 0.078025 0.965472
v 0.590385 0.033038 0.962339
v 0.587252 -0.011949 0.965472
v 0.464734 0.259204 1.100401
v 0.500702 0.246082 1.076368
v 0.533850 0.224772 1.054219
v 0.562905 0.196095 1.034806
v 0.586749 0.161151 1.018873
v 0.604467 0.121284 1.007034
v 0.615378 0.078025 0.999744
v 0.619062 0.033038 0.997282
v 0.615378 -0.011949 0.999744
v 0.427328 0.263635 1.125395
v 0.468891 0.259204 1.108179
v 0.508857 0.246082 1.091625
v 0.545689 0.224772 1.076368
v 0.577973 0.196095 1.062996
v 0.604467 0.161151 1.052022
v 0.624155 0.121284 1.043867
v 0.636278 0.078025 1.038845
v 0.640372 0.033038 1.037149
v 0.636278 -0.011949 1.038845
v 0.471451 0.259204 1.116618
v 0.513878 0.246082 1.108179
v 0.552979 0.224772 1.100401
v 0.587252 0.196095 1.093584
v 0.615378 0.161151 1.087989
v 0.636278 0.121284 1.083832
v 0.649148 0.078025 1.081272
v 0.653494 0.033038 1.080408
v 0.649148 -0.011949 1.081272
v 0.472316 0.259204 1.125395
v 0.515574 0.246082 1.125395
v 0.555441 0.224772 1.125395
v 0.590385 0.196095 1.125395
v 0.619062 0.161151 1.125395
v 0.640372 0.121284 1.125395
v 0.653494 0.078025 1.125395
v 0.657925 0.033038 1.125395
v 0.653494 -0.011949 1.125395
v 0.471451 0.259204 1.134171
v 0.513878 0.246082 1.142611
v 0.552979 0.224772 1.150388
v 0.587252 0.196095 1.157206
v 0.615378 0.161151 1.162800
v 0.636278 0.121284 1.166957
v 0.649148 0.078025 1.169518
v 0.653494 0.033038 1.170382
v 0.649148 -0.011949 1.169518
v 0.468891 0.259204 1.142611
v 0.508857 0.246082 1.159165
v 0.545689 0.224772 1.174421
v 0.577973 0.196095 1.187794
v 0.604467 0.161151 1.198768
v 0.624155 0.121284 1.206923
v 0.636278 0.078025 1.211945
v 0.640372 0.033038 1.213640
v 0.636278 -0.011949 1.211945
v 0.464734 0.259204 1.150388
v 0.500702 0.246082 1.174421
v 0.533850 0.224772 1.196570
v 0.562905 0.196095 1.215984
v 0.586749 0.161151 1.231916
v 0.604467 0.121284 1.243755
v 0.615378 0.078025 1.251046
v 0.619062 0.033038 1.253507
v 0.615378 -0.011949 1.251046
v 0.459139 0.259204 1.157206
v 0.489727 0.246082 1.187794
v 0.517918 0.224772 1.215984
v 0.542627 0.196095 1.240693
v 0.562905 0.161151 1.260971
v 0.577973 0.121284 1.276039
v 0.587252 0.078025 1.285318
v 0.590385 0.033038 1.288451
v 0.587252 -0.011949 1.285318
v 0.452322 0.259204 1.162800
v 0.476355 0.246082 1.198768
v 0.498504 0.224772 1.231916
v 0.517918 0.196095 1.260971
v 0.533850 0.161151 1.284816
v 0.545689 0.121284 1.302534
v 0.552979 0.078025 1.313444
v 0.555441 0.033038 1.317129
v 0.552979 -0.011949 1.313444
v 0.444544 0.259204 1.166957
v 0.461098 0.246082 1.206923
v 0.476355 0.224772 1.243755
v 0.489727 0.196095 1.276039
v 0.500702 0.161151 1.302534
v 0.508857 0.121284 1.322221
v 0.513878 0.078025 1.334344
v 0.515574 0.033038 1.338438
v 0.513878 -0.011949 1.334344
v 0.436105 0.259204 1.169518
v 0.444544 0.246082 1.211945
v 0.452322 0.224772 1.251046
v 0.459139 0.196095 1.285318
v 0.464734 0.161151 1.313444
v 0.468891 0.121284 1.334344
v 0.471451 0.078025 1.347214
v 0.472315 0.033038 1.351560
v 0.471451 -0.011949 1.347214
v 0.427328 0.259204 1.170382
v 0.427328 0.246082 1.213640
v 0.427328 0.224772 1.253507
v 0.427328 0.196095 1.288451
v 0.427328 0.161151 1.317129
v 0.427328 0.121284 1.338438
v 0.427328 0.078025 1.351560
v 0.427328 0.033038 1.355991
v 0.427328 -0.011949 1.351560
v 0.418552 0.259204 1.169518
v 0.410113 0.246082 1.211945
v 0.402335 0.224772 1.251046
v 0.395518 0.196095 1.285318
v 0.389923 0.161151 1.313444
v 0.385766 0.121284 1.334344
v 0.383206 0.078025 1.347214
v 0.382341 0.033038 1.351560
v 0.383206 -0.011949 1.347214
v 0.410113 0.259204 1.166957
v 0.393558 0.246082 1.206923
v 0.378302 0.224772 1.243755
v 0.364930 0.196095 1.276039
v 0.353955 0.161151 1.302534
v 0.345800 0.121284 1.322221
v 0.340779 0.078025 1.334344
v 0.339083 0.033038 1.338438
v 0.340779 -0.011949 1.334344
v 0.402335 0.259204 1.162800
v 0.378302 0.246082 1.198768
v 0.356153 0.224772 1.231916
v 0.336739 0.196095 1.260971
v 0.320807 0.161151 1.284816
v 0.308968 0.121284 1.302534
v 0.301678 0.078025 1.313444
v 0.299216 0.033038 1.317128
v 0.301678 -0.011949 1.313444
v 0.395518 0.259204 1.157205
v 0.364930 0.246082 1.187794
v 0.336739 0.224772 1.215984
v 0.312030 0.196095 1.240693
v 0.291752 0.161151 1.260971
v 0.276684 0.121284 1.276039
v 0.267405 0.078025 1.285318
v 0.264272 0.033038 1.288451
v 0.267405 -0.011949 1.285318
v 0.389923 0.259204 1.150388
v 0.353955 0.246082 1.174421
v 0.320807 0.224772 1.196570
v 0.291752 0.196095 1.215984
v 0.267908 0.161151 1.231916
v 0.250190 0.121284 1.243755
v 0.239279 0.078025 1.251046
v 0.235595 0.033038 1.253507
v 0.239279 -0.011949 1.251046
v 0.385766 0.259204 1.142611
v 0.345800 0.246082 1.159165
v 0.308968 0.224772 1.174421
v 0.276684 0.196095 1.187794
v 0.250190 0.161151 1.198768
v 0.230502 0.121284 1.206923
v 0.218379 0.078025 1.211945
v 0.214285 0.033038 1.213640
v 0.218379 -0.011949 1.211945
v 0.383206 0.259204 1.134171
v 0.340779 0.246082 1.142611
v 0.301678 0.224772 1.150388
v 0.267405 0.196095 1.157206
v 0.239279 0.161151 1.162800
v 0.218379 0.121284 1.166957
v 0.205509 0.078025 1.169517
v 0.201163 0.033038 1.170382
v 0.205509 -0.011949 1.169517
v 0.382341 0.259204 1.125395
v 0.339083 0.246082 1.125395
v 0.299216 0.224772 1.125395
v 0.264272 0.196095 1.125395
v 0.235595 0.161151 1.125395
v 0.214285 0.121284 1.125395
v 0.201163 0.078025 1.125395
v 0.196732 0.033038 1.125395
v 0.201163 -0.011949 1.125395
v 0.383206 0.259204 1.116618
v 0.340779 0.246082 1.108179
v 0.301678 0.224772 1.100401
v 0.267405 0.196095 1.093584
v 0.239279 0.161151 1.087989
v 0.218379 0.121284 1.083832
v 0.205509 0.078025 1.081272
v 0.201163 0.033038 1.080408
v 0.205509 -0.011949 1.081272
v 0.385766 0.259204 1.108179
v 0.345800 0.246082 1.091625
v 0.308968 0.224772 1.076368
v 0.276684 0.196095 1.062996
v 0.250190 0.161151 1.052022
v 0.230502 0.121284 1.043867
v 0.218379 0.078025 1.038845
v 0.214286 0.033038 1.037149
v 0.218379 -0.011949 1.038845
v 0.389923 0.259204 1.100401
v 0.353955 0.246082 1.076368
v 0.320807 0.224772 1.054219
v 0.291752 0.196095 1.034806
v 0.267908 0.161151 1.018873
v 0.250190 0.121284 1.007034
v 0.239279 0.078025 0.999744
v 0.235595 0.033038 0.997282
v 0.239279 -0.011949 0.999744
v 0.395518 0.259204 1.093584
v 0.364930 0.246082 1.062996
v 0.336739 0.224772 1.034806
v 0.312030 0.196095 1.010097
v 0.291752 0.161151 0.989819
v 0.276684 0.121284 0.974751
v 0.267405 0.078025 0.965472
v 0.264273 0.033038 0.962339
v 0.267405 -0.011949 0.965472
v 0.402335 0.259204 1.087989
v 0.378302 0.246082 1.052022
v 0.356153 0.224772 1.018873
v 0.336739 0.196095 0.989819
v 0.320807 0.161151 0.965974
v 0.308968 0.121284 0.948256
v 0.301678 0.078025 0.937345
v 0.299216 0.033038 0.933661
v 0.301678 -0.011949 0.937345
v 0.410113 0.259204 1.083832
v 0.393558 0.246082 1.043867
v 0.378302 0.224772 1.007035
v 0.364930 0.196095 0.974751
v 0.353955 0.161151 0.948256
v 0.345800 0.121284 0.928569
v 0.340779 0.078025 0.916445
v 0.339083 0.033038 0.912352
v 0.340779 -0.011949 0.916445
v 0.418552 0.259204 1.081272
v 0.410113 0.246082 1.038845
v 0.402335 0.224772 0.999744
v 0.395518 0.196095 0.965472
v 0.389923 0.161151 0.937345
v 0.385766 0.121284 0.916445
v 0.383206 0.078025 0.903575
v 0.382342 0.033038 0.899230
v 0.383206 -0.011949 0.903575
v 0.427328 0.259204 1.080408
v 0.427328 0.246082 1.037149
v 0.427328 0.196095 0.962339
v 0.427328 0.121284 0.912352
v 1111122378752.000000 -0.000000 0.000000
v 0.000000 -0.000000 0.000000
v 0.000000 -0.000000 0.000000
v 0.000000 -0.000000 0.000000
v 0.000000 -0.000000 0.000000
v 0.000000 -0.000000 0.000000
v 0.000000 -0.000000 0.000000
vn -0.0000 -0.0000 -1.0000
vn -0.0000 0.1939 -0.9810
vn 0.1914 0.1939 -0.9622
vn 0.1951 -0.0000 -0.9808
vn -0.0000 0.9796 -0.2010
vn -0.0000 1.0000 -0.0000
vn 0.0392 0.9796 -0.1971
vn -0.0000 -0.7206 -0.6934
vn 0.1353 -0.7206 -0.6800
vn -0.0000 0.9217 -0.3879
vn 0.0757 0.9217 -0.3804
vn -0.0000 0.8286 -0.5598
vn 0.1092 0.8286 -0.5490
vn -0.0000 0.7041 -0.7101
vn 0.1385 0.7041 -0.6965
vn -0.0000 0.5528 -0.8333
vn 0.1626 0.5528 -0.8173
vn -0.0000 0.3805 -0.9248
vn 0.1804 0.3805 -0.9070
vn 0.3189 0.5528 -0.7699
vn 0.3539 0.3805 -0.8544
vn 0.3754 0.1939 -0.9063
vn 0.3827 -0.0000 -0.9239
vn 0.0769 0.9796 -0.1857
vn 0.2653 -0.7206 -0.6406
vn 0.1484 0.9217 -0.3584
vn 0.2142 0.8286 -0.5172
vn 0.2718 0.7041 -0.6561
vn 0.2155 0.9217 -0.3225
vn 0.3110 0.8286 -0.4654
vn 0.3945 0.7041 -0.5905
vn 0.4630 0.5528 -0.6929
vn 0.5138 0.3805 -0.7689
vn 0.5450 0.1939 -0.8157
vn 0.5556 -0.0000 -0.8315
vn 0.1117 0.9796 -0.1671
vn 0.3852 -0.7206 -0.5765
vn 0.6539 0.3805 -0.6539
vn 0.6937 0.1939 -0.6937
vn 0.7071 -0.0000 -0.7071
vn 0.1421 0.9796 -0.1421
vn 0.4903 -0.7206 -0.4903
vn 0.2743 0.9217 -0.2743
vn 0.3958 0.8286 -0.3958
vn 0.5021 0.7041 -0.5021
vn 0.5893 0.5528 -0.5893
vn 0.4654 0.8286 -0.3110
vn 0.5905 0.7041 -0.3945
vn 0.6929 0.5528 -0.4630
vn 0.7689 0.3805 -0.5138
vn 0.8157 0.1939 -0.5450
vn 0.8315 -0.0000 -0.5556
vn 0.1671 0.9796 -0.1117
vn 0.5765 -0.7206 -0.3852
vn 0.3225 0.9217 -0.2155
vn 0.9063 0.1939 -0.3754
vn 0.9239 -0.0000 -0.3827
vn 0.1857 0.9796 -0.0769
vn 0.6406 -0.7206 -0.2653
vn 0.3584 0.9217 -0.1484
vn 0.5172 0.8286 -0.2142
vn 0.6561 0.7041 -0.2718
vn 0.7699 0.5528 -0.3189
vn 0.8544 0.3805 -0.3539
vn 0.5490 0.8286 -0.1092
vn 0.6965 0.7041 -0.1385
vn 0.8173 0.5528 -0.1626
vn 0.9070 0.3805 -0.1804
vn 0.9622 0.1939 -0.1914
vn 0.9808 -0.0000 -0.1951
vn 0.1971 0.9796 -0.0392
vn 0.6800 -0.7206 -0.1353
vn 0.3804 0.9217 -0.0757
vn 0.9810 0.1939 -0.0000
vn 1.0000 -0.0000 -0.0000
vn 0.2010 0.9796 -0.0000
vn 0.6934 -0.7206 -0.0000
vn 0.3879 0.9217 -0.0000
vn 0.5598 0.8286 -0.0000
vn 0.7101 0.7041 -0.0000
vn 0.8333 0.5528 -0.0000
vn 0.9248 0.3805 -0.0000
vn 0.6965 0.7041 0.1385
vn 0.8173 0.5528 0.1626
vn 0.9070 0.3805 0.1804
vn 0.9622 0.1939 0.1914
vn 0.9808 -0.0000 0.1951
vn 0.1971 0.9796 0.0392
vn 0.6800 -0.7206 0.1353
vn 0.3804 0.9217 0.0757
vn 0.5490 0.8286 0.1092
vn 0.1857 0.9796 0.0769
vn 0.9239 -0.0000 0.3827
vn 0.6406 -0.7206 0.2653
vn 0.3584 0.9217 0.1484
vn 0.5172 0.8286 0.2142
vn 0.6561 0.7041 0.2718
vn 0.7699 0.5528 0.3189
vn 0.8544 0.3805 0.3539
vn 0.9063 0.1939 0.3754
vn 0.5905 0.7041 0.3945
vn 0.6929 0.5528 0.4630
vn 0.7689 0.3805 0.5138
vn 0.8157 0.1939 0.5450
vn 0.8315 -0.0000 0.5556
vn 0.1671 0.9796 0.1117
vn 0.5765 -0.7206 0.3852
vn 0.3225 0.9217 0.2155
vn 0.4654 0.8286 0.3110
vn 0.7071 -0.0000 0.7071
vn 0.4903 -0.7206 0.4903
vn 0.1421 0.9796 0.1421
vn 0.2743 0.9217 0.2743
vn 0.3958 0.8286 0.3958
vn 0.5021 0.7041 0.5021
vn 0.5893 0.5528 0.5893
vn 0.6539 0.3805 0.6539
vn 0.6937 0.1939 0.6937
vn 0.4630 0.5528 0.6929
vn 0.5138 0.3805 0.7689
vn 0.5450 0.1939 0.8157
vn 0.5556 -0.0000 0.8315
vn 0.1117 0.9796 0.1671
vn 0.3852 -0.7206 0.5765
vn 0.2155 0.9217 0.3225
vn 0.3110 0.8286 0.4654
vn 0.3945 0.7041 0.5905
vn 0.1484 0.9217 0.3584
vn 0.2142 0.8286 0.5172
vn 0.2718 0.7041 0.6561
vn 0.3189 0.5528 0.7699
vn 0.3539 0.3805 0.8544
vn 0.3754 0.1939 0.9063
vn 0.3827 -0.0000 0.9239
vn 0.0769 0.9796 0.1857
vn 0.2653 -0.7206 0.6406
vn 0.1804 0.3805 0.9070
vn 0.1914 0.1939 0.9622
vn 0.1951 -0.0000 0.9808
vn 0.0392 0.9796 0.1971
vn 0.1353 -0.7206 0.6800
vn 0.0757 0.9217 0.3804
vn 0.1092 0.8286 0.5490
vn 0.1385 0.7041 0.6965
vn 0.1626 0.5528 0.8173
vn -0.0000 0.9217 0.3879
vn -0.0000 0.8286 0.5598
vn -0.0000 0.7041 0.7101
vn -0.0000 0.5528 0.8333
vn -0.0000 0.3805 0.9248
vn -0.0000 0.1939 0.9810
vn -0.0000 -0.0000 1.0000
vn -0.0000 0.9796 0.2010
vn -0.0000 -0.7206 0.6934
vn -0.1804 0.3805 0.9070
vn -0.1914 0.1939 0.9622
vn -0.1951 -0.0000 0.9808
vn -0.0392 0.9796 0.1971
vn -0.1353 -0.7206 0.6800
vn -0.0757 0.9217 0.3804
vn -0.1092 0.8286 0.5490
vn -0.1385 0.7041 0.6965
vn -0.1626 0.5528 0.8173
vn -0.2142 0.8286 0.5172
vn -0.2718 0.7041 0.6561
vn -0.3189 0.5528 0.7699
vn -0.3539 0.3805 0.8544
vn -0.3754 0.1939 0.9063
vn -0.3827 -0.0000 0.9239
vn -0.0769 0.9796 0.1857
vn -0.2653 -0.7206 0.6406
vn -0.1484 0.9217 0.3584
vn -0.5450 0.1939 0.8157
vn -0.5556 -0.0000 0.8315
vn -0.1117 0.9796 0.1671
vn -0.3852 -0.7206 0.5765
vn -0.2155 0.9217 0.3225
vn -0.3110 0.8286 0.4654
vn -0.3945 0.7041 0.5905
vn -0.4630 0.5528 0.6929
vn -0.5138 0.3805 0.7689
vn -0.3958 0.8286 0.3958
vn -0.5021 0.7041 0.5021
vn -0.5893 0.5528 0.5893
vn -0.6539 0.3805 0.6539
vn -0.6937 0.1939 0.6937
vn -0.7071 -0.0000 0.7071
vn -0.1421 0.9796 0.1421
vn -0.4903 -0.7206 0.4903
vn -0.2743 0.9217 0.2743
vn -0.8157 0.1939 0.5450
vn -0.8315 -0.0000 0.5556
vn -0.1671 0.9796 0.1117
vn -0.5765 -0.7206 0.3852
vn -0.3225 0.9217 0.2155
vn -0.4654 0.8286 0.3110
vn -0.5905 0.7041 0.3945
vn -0.6929 0.5528 0.4630
vn -0.7689 0.3805 0.5138
vn -0.6561 0.7041 0.2718
vn -0.7699 0.5528 0.3189
vn -0.8544 0.3805 0.3539
vn -0.9063 0.1939 0.3754
vn -0.9239 -0.0000 0.3827
vn -0.1857 0.9796 0.0769
vn -0.6406 -0.7206 0.2653
vn -0.3584 0.9217 0.1484
vn -0.5172 0.8286 0.2142
vn -0.9808 -0.0000 0.1951
vn -0.6800 -0.7206 0.1353
vn -0.1971 0.9796 0.0392
vn -0.3804 0.9217 0.0757
vn -0.5490 0.8286 0.1092
vn -0.6965 0.7041 0.1385
vn -0.8173 0.5528 0.1626
vn -0.9070 0.3805 0.1804
vn -0.9622 0.1939 0.1914
vn -0.8333 0.5528 -0.0000
vn -0.9248 0.3805 -0.0000
vn -0.9810 0.1939 -0.0000
vn -1.0000 -0.0000 -0.0000
vn -0.2010 0.9796 -0.0000
vn -0.6934 -0.7206 -0.0000
vn -0.3879 0.9217 -0.0000
vn -0.5598 0.8286 -0.0000
vn -0.7101 0.7041 -0.0000
vn -0.1971 0.9796 -0.0392
vn -0.3804 0.9217 -0.0757
vn -0.5490 0.8286 -0.1092
vn -0.6965 0.7041 -0.1385
vn -0.8173 0.5528 -0.1626
vn -0.9070 0.3805 -0.1804
vn -0.9622 0.1939 -0.1914
vn -0.9808 -0.0000 -0.1951
vn -0.6800 -0.7206 -0.1353
vn -0.7699 0.5528 -0.3189
vn -0.8544 0.3805 -0.3539
vn -0.9063 0.1939 -0.3754
vn -0.9239 -0.0000 -0.3827
vn -0.1857 0.9796 -0.0769
vn -0.6406 -0.7206 -0.2653
vn -0.3584 0.9217 -0.1484
vn -0.5172 0.8286 -0.2142
vn -0.6561 0.7041 -0.2718
vn -0.3225 0.9217 -0.2155
vn -0.4654 0.8286 -0.3110
vn -0.5905 0.7041 -0.3945
vn -0.6929 0.5528 -0.4630
vn -0.7689 0.3805 -0.5138
vn -0.8157 0.1939 -0.5450
vn -0.8315 -0.0000 -0.5556
vn -0.1671 0.9796 -0.1117
vn -0.5765 -0.7206 -0.3852
vn -0.6539 0.3805 -0.6539
vn -0.6937 0.1939 -0.6937
vn -0.7071 -0.0000 -0.7071
vn -0.1421 0.9796 -0.1421
vn -0.4903 -0.7206 -0.4903
vn -0.2743 0.9217 -0.2743
vn -0.3958 0.8286 -0.3958
vn -0.5021 0.7041 -0.5021
vn -0.5893 0.5528 -0.5893
vn -0.2155 0.9217 -0.3225
vn -0.3110 0.8286 -0.4654
vn -0.3945 0.7041 -0.5905
vn -0.4630 0.5528 -0.6929
vn -0.5138 0.3805 -0.7689
vn -0.5450 0.1939 -0.8157
vn -0.5556 -0.0000 -0.8315
vn -0.1117 0.9796 -0.1671
vn -0.3852 -0.7206 -0.5765
vn -0.3539 0.3805 -0.8544
vn -0.3754 0.1939 -0.9063
vn -0.3827 -0.0000 -0.9239
vn -0.0769 0.9796 -0.1857
vn -0.2653 -0.7206 -0.6406
vn -0.1484 0.9217 -0.3584
vn -0.2142 0.8286 -0.5172
vn -0.2718 0.7041 -0.6561
vn -0.3189 0.5528 -0.7699
vn -0.1092 0.8286 -0.5490
vn -0.1385 0.7041 -0.6965
vn -0.1626 0.5528 -0.8173
vn -0.1804 0.3805 -0.9070
vn -0.1914 0.1939 -0.9622
vn -0.1951 -0.0000 -0.9808
vn -0.0392 0.9796 -0.1971
vn -0.1353 -0.7206 -0.6800
vn -0.0757 0.9217 -0.3804
vt 0.750000 0.812500
vt 0.750000 0.687500
vt 0.750000 0.562500
vt 0.750000 0.500000
vt 0.750000 0.437500
vt 0.718750 0.937500
vt 0.718750 0.875000
vt 0.718750 0.812500
vt 0.718750 0.750000
vt 0.718750 0.687500
vt 0.718750 0.625000
vt 0.718750 0.562500
vt 0.718750 0.500000
vt 0.718750 0.437500
vt 0.687500 0.937500
vt 0.687500 0.875000
vt 0.687500 0.812500
vt 0.687500 0.750000
vt 0.687500 0.687500
vt 0.687500 0.625000
vt 0.687500 0.562500
vt 0.687500 0.500000
vt 0.687500 0.437500
vt 0.656250 0.937500
vt 0.656250 0.875000
vt 0.656250 0.812500
vt 0.656250 0.750000
vt 0.656250 0.687500
vt 0.656250 0.625000
vt 0.656250 0.562500
vt 0.656250 0.500000
vt 0.656250 0.437500
vt 0.625000 0.937500
vt 0.625000 0.875000
vt 0.625000 0.812500
vt 0.625000 0.750000
vt 0.625000 0.687500
vt 0.625000 0.625000
vt 0.625000 0.562500
vt 0.625000 0.500000
vt 0.625000 0.437500
vt 0.593750 0.937500
vt 0.593750 0.875000
vt 0.593750 0.812500
vt 0.593750 0.750000
vt 0.593750 0.687500
vt 0.593750 0.625000
vt 0.593750 0.562500
vt 0.593750 0.500000
vt 0.593750 0.437500
vt 0.734375 1.000000
vt 0.703125 1.000000
vt 0.671875 1.000000
vt 0.640625 1.000000
vt 0.609375 1.000000
vt 0.578125 1.000000
vt 0.546875 1.000000
vt 0.515625 1.000000
vt 0.484375 1.000000
vt 0.453125 1.000000
vt 0.421875 1.000000
vt 0.390625 1.000000
vt 0.359375 1.000000
vt 0.328125 1.000000
vt 0.296875 1.000000
vt 0.265625 1.000000
vt 0.234375 1.000000
vt 0.203125 1.000000
vt 0.171875 1.000000
vt 0.140625 1.000000
vt 0.109375 1.000000
vt 0.078125 1.000000
vt 0.046875 1.000000
vt 0.015625 1.000000
vt 0.984375 1.000000
vt 0.953125 1.000000
vt 0.921875 1.000000
vt 0.890625 1.000000
vt 0.859375 1.000000
vt 0.828125 1.000000
vt 0.796875 1.000000
vt 0.765625 1.000000
vt 0.562500 0.937500
vt 0.562500 0.875000
vt 0.562500 0.812500
vt 0.562500 0.750000
vt 0.562500 0.687500
vt 0.562500 0.625000
vt 0.562500 0.562500
vt 0.562500 0.500000
vt 0.562500 0.437500
vt 0.531250 0.937500
vt 0.531250 0.875000
vt 0.531250 0.812500
vt 0.531250 0.750000
vt 0.531250 0.687500
vt 0.531250 0.625000
vt 0.531250 0.562500
vt 0.531250 0.500000
vt 0.531250 0.437500
vt 0.500000 0.937500
vt 0.500000 0.875000
vt 0.500000 0.812500
vt 0.500000 0.750000
vt 0.500000 0.687500
vt 0.500000 0.625000
vt 0.500000 0.562500
vt 0.500000 0.500000
vt 0.500000 0.437500
vt 0.468750 0.937500
vt 0.468750 0.875000
vt 0.468750 0.812500
vt 0.468750 0.750000
vt 0.468750 0.687500
vt 0.468750 0.625000
vt 0.468750 0.562500
vt 0.468750 0.500000
vt 0.468750 0.437500
vt 0.437500 0.937500
vt 0.437500 0.875000
vt 0.437500 0.812500
vt 0.437500 0.750000
vt 0.437500 0.687500
vt 0.437500 0.625000
vt 0.437500 0.562500
vt 0.437500 0.500000
vt 0.437500 0.437500
vt 0.406250 0.937500
vt 0.406250 0.875000
vt 0.406250 0.812500
vt 0.406250 0.750000
vt 0.406250 0.687500
vt 0.406250 0.625000
vt 0.406250 0.562500
vt 0.406250 0.500000
vt 0.406250 0.437500
vt 0.375000 0.937500
vt 0.375000 0.875000
vt 0.375000 0.812500
vt 0.375000 0.750000
vt 0.375000 0.687500
vt 0.375000 0.625000
vt 0.375000 0.562500
vt 0.375000 0.500000
vt 0.375000 0.437500
vt 0.343750 0.937500
vt 0.343750 0.875000
vt 0.343750 0.812500
vt 0.343750 0.750000
vt 0.343750 0.687500
vt 0.343750 0.625000
vt 0.343750 0.562500
vt 0.343750 0.500000
vt 0.343750 0.437500
vt 0.312500 0.937500
vt 0.312500 0.875000
vt 0.312500 0.812500
vt 0.312500 0.750000
vt 0.312500 0.687500
vt 0.312500 0.625000
vt 0.312500 0.562500
vt 0.312500 0.500000
vt 0.312500 0.437500
vt 0.281250 0.937500
vt 0.281250 0.875000
vt 0.281250 0.812500
vt 0.281250 0.750000
vt 0.281250 0.687500
vt 0.281250 0.625000
vt 0.281250 0.562500
vt 0.281250 0.500000
vt 0.281250 0.437500
vt 0.250000 0.937500
vt 0.250000 0.875000
vt 0.250000 0.812500
vt 0.250000 0.750000
vt 0.250000 0.687500
vt 0.250000 0.625000
vt 0.250000 0.562500
vt 0.250000 0.500000
vt 0.250000 0.437500
vt 0.218750 0.937500
vt 0.218750 0.875000
vt 0.218750 0.812500
vt 0.218750 0.750000
vt 0.218750 0.687500
vt 0.218750 0.625000
vt 0.218750 0.562500
vt 0.218750 0.500000
vt 0.218750 0.437500
vt 0.187500 0.937500
vt 0.187500 0.875000
vt 0.187500 0.812500
vt 0.187500 0.750000
vt 0.187500 0.687500
vt 0.187500 0.625000
vt 0.187500 0.562500
vt 0.187500 0.500000
vt 0.187500 0.437500
vt 0.156250 0.937500
vt 0.156250 0.875000
vt 0.156250 0.812500
vt 0.156250 0.750000
vt 0.156250 0.687500
vt 0.156250 0.625000
vt 0.156250 0.562500
vt 0.156250 0.500000
vt 0.156250 0.437500
vt 0.125000 0.937500
vt 0.125000 0.875000
vt 0.125000 0.812500
vt 0.125000 0.750000
vt 0.125000 0.687500
vt 0.125000 0.625000
vt 0.125000 0.562500
vt 0.125000 0.500000
vt 0.125000 0.437500
vt 0.093750 0.937500
vt 0.093750 0.875000
vt 0.093750 0.812500
vt 0.093750 0.750000
vt 0.093750 0.687500
vt 0.093750 0.625000
vt 0.093750 0.562500
vt 0.093750 0.500000
vt 0.093750 0.437500
vt 0.062500 0.937500
vt 0.062500 0.875000
vt 0.062500 0.812500
vt 0.062500 0.750000
vt 0.062500 0.687500
vt 0.062500 0.625000
vt 0.062500 0.562500
vt 0.062500 0.500000
vt 0.062500 0.437500
vt 0.031250 0.937500
vt 0.031250 0.875000
vt 0.031250 0.812500
vt 0.031250 0.750000
vt 0.031250 0.687500
vt 0.031250 0.625000
vt 0.031250 0.562500
vt 0.031250 0.500000
vt 0.031250 0.437500
vt 0.000000 0.937500
vt 1.000000 0.937500
vt 0.000000 0.875000
vt 1.000000 0.875000
vt 0.000000 0.812500
vt 1.000000 0.812500
vt 0.000000 0.750000
vt 1.000000 0.750000
vt 0.000000 0.687500
vt 1.000000 0.687500
vt 0.000000 0.625000
vt 1.000000 0.625000
vt 0.000000 0.562500
vt 1.000000 0.562500
vt 0.000000 0.500000
vt 1.000000 0.500000
vt 1.000000 0.437500
vt 0.000000 0.437500
vt 0.968750 0.937500
vt 0.968750 0.875000
vt 0.968750 0.812500
vt 0.968750 0.750000
vt 0.968750 0.687500
vt 0.968750 0.625000
vt 0.968750 0.562500
vt 0.968750 0.500000
vt 0.968750 0.437500
vt 0.937500 0.937500
vt 0.937500 0.875000
vt 0.937500 0.812500
vt 0.937500 0.750000
vt 0.937500 0.687500
vt 0.937500 0.625000
vt 0.937500 0.562500
vt 0.937500 0.500000
vt 0.937500 0.437500
vt 0.906250 0.937500
vt 0.906250 0.875000
vt 0.906250 0.812500
vt 0.906250 0.750000
vt 0.906250 0.687500
vt 0.906250 0.625000
vt 0.906250 0.562500
vt 0.906250 0.500000
vt 0.906250 0.437500
vt 0.875000 0.937500
vt 0.875000 0.875000
vt 0.875000 0.812500
vt 0.875000 0.750000
vt 0.875000 0.687500
vt 0.875000 0.625000
vt 0.875000 0.562500
vt 0.875000 0.500000
vt 0.875000 0.437500
vt 0.843750 0.937500
vt 0.843750 0.875000
vt 0.843750 0.812500
vt 0.843750 0.750000
vt 0.843750 0.687500
vt 0.843750 0.625000
vt 0.843750 0.562500
vt 0.843750 0.500000
vt 0.843750 0.437500
vt 0.812500 0.937500
vt 0.812500 0.875000
vt 0.812500 0.812500
vt 0.812500 0.750000
vt 0.812500 0.687500
vt 0.812500 0.625000
vt 0.812500 0.562500
vt 0.812500 0.500000
vt 0.812500 0.437500
vt 0.781250 0.937500
vt 0.781250 0.875000
vt 0.781250 0.812500
vt 0.781250 0.750000
vt 0.781250 0.687500
vt 0.781250 0.625000
vt 0.781250 0.562500
vt 0.781250 0.500000
vt 0.781250 0.437500
vt 0.750000 0.937500
vt 0.750000 0.875000
vt 0.750000 0.750000
vt 0.750000 0.625000
s 1
usemtl Material.003
f 510/606/509 509/605/510 518/614/511 519/615/512
f 792/928/513 557/653/514 512/608/515
f 511/607/516 510/606/509 519/615/512 520/616/517
f 793/929/518 792/928/513 512/608/515 513/609/519
f 507/603/520 793/929/518 513/609/519 514/610/521
f 794/930/522 507/603/520 514/610/521 515/611/523
f 508/604/524 794/930/522 515/611/523 516/612/525
f 795/931/526 508/604/524 516/612/525 517/613/527
f 509/605/510 795/931/526 517/613/527 518/614/511
f 517/613/527 516/612/525 525/621/528 526/622/529
f 518/614/511 517/613/527 526/622/529 527/623/530
f 519/615/512 518/614/511 527/623/530 528/624/531
f 512/608/515 557/654/514 521/617/532
f 520/616/517 519/615/512 528/624/531 529/625/533
f 513/609/519 512/608/515 521/617/532 522/618/534
f 514/610/521 513/609/519 522/618/534 523/619/535
f 515/611/523 514/610/521 523/619/535 524/620/536
f 516/612/525 515/611/523 524/620/536 525/621/528
f 523/619/535 522/618/534 531/627/537 532/628/538
f 524/620/536 523/619/535 532/628/538 533/629/539
f 525/621/528 524/620/536 533/629/539 534/630/540
f 526/622/529 525/621/528 534/630/540 535/631/541
f 527/623/530 526/622/529 535/631/541 536/632/542
f 528/624/531 527/623/530 536/632/542 537/633/543
f 521/617/532 557/655/514 530/626/544
f 529/625/533 528/624/531 537/633/543 538/634/545
f 522/618/534 521/617/532 530/626/544 531/627/537
f 536/632/542 535/631/541 544/640/546 545/641/547
f 537/633/543 536/632/542 545/641/547 546/642/548
f 530/626/544 557/656/514 539/635/549
f 538/634/545 537/633/543 546/642/548 547/643/550
f 531/627/537 530/626/544 539/635/549 540/636/551
f 532/628/538 531/627/537 540/636/551 541/637/552
f 533/629/539 532/628/538 541/637/552 542/638/553
f 534/630/540 533/629/539 542/638/553 543/639/554
f 535/631/541 534/630/540 543/639/554 544/640/546
f 542/638/553 541/637/552 550/646/555 551/647/556
f 543/639/554 542/638/553 551/647/556 552/648/557
f 544/640/546 543/639/554 552/648/557 553/649/558
f 545/641/547 544/640/546 553/649/558 554/650/559
f 546/642/548 545/641/547 554/650/559 555/651/560
f 539/635/549 557/657/514 548/644/561
f 547/643/550 546/642/548 555/651/560 556/652/562
f 540/636/551 539/635/549 548/644/561 549/645/563
f 541/637/552 540/636/551 549/645/563 550/646/555
f 555/651/560 554/650/559 564/691/564 565/692/565
f 548/644/561 557/658/514 558/685/566
f 556/652/562 555/651/560 565/692/565 566/693/567
f 549/645/563 548/644/561 558/685/566 559/686/568
f 550/646/555 549/645/563 559/686/568 560/687/569
f 551/647/556 550/646/555 560/687/569 561/688/570
f 552/648/557 551/647/556 561/688/570 562/689/571
f 553/649/558 552/648/557 562/689/571 563/690/572
f 554/650/559 553/649/558 563/690/572 564/691/564
f 561/688/570 560/687/569 569/696/573 570/697/574
f 562/689/571 561/688/570 570/697/574 571/698/575
f 563/690/572 562/689/571 571/698/575 572/699/576
f 564/691/564 563/690/572 572/699/576 573/700/577
f 565/692/565 564/691/564 573/700/577 574/701/578
f 558/685/566 557/659/514 567/694/579
f 566/693/567 565/692/565 574/701/578 575/702/580
f 559/686/568 558/685/566 567/694/579 568/695/581
f 560/687/569 559/686/568 568/695/581 569/696/573
f 574/701/578 573/700/577 582/709/582 583/710/583
f 567/694/579 557/660/514 576/703/584
f 575/702/580 574/701/578 583/710/583 584/711/585
f 568/695/581 567/694/579 576/703/584 577/704/586
f 569/696/573 568/695/581 577/704/586 578/705/587
f 570/697/574 569/696/573 578/705/587 579/706/588
f 571/698/575 570/697/574 579/706/588 580/707/589
f 572/699/576 571/698/575 580/707/589 581/708/590
f 573/700/577 572/699/576 581/708/590 582/709/582
f 580/707/589 579/706/588 588/715/591 589/716/592
f 581/708/590 580/707/589 589/716/592 590/717/593
f 582/709/582 581/708/590 590/717/593 591/718/594
f 583/710/583 582/709/582 591/718/594 592/719/595
f 576/703/584 557/661/514 585/712/596
f 584/711/585 583/710/583 592/719/595 593/720/597
f 577/704/586 576/703/584 585/712/596 586/713/598
f 578/705/587 577/704/586 586/713/598 587/714/599
f 579/706/588 578/705/587 587/714/599 588/715/591
f 585/712/596 557/662/514 594/721/600
f 593/720/597 592/719/595 601/728/601 602/729/602
f 586/713/598 585/712/596 594/721/600 595/722/603
f 587/714/599 586/713/598 595/722/603 596/723/604
f 588/715/591 587/714/599 596/723/604 597/724/605
f 589/716/592 588/715/591 597/724/605 598/725/606
f 590/717/593 589/716/592 598/725/606 599/726/607
f 591/718/594 590/717/593 599/726/607 600/727/608
f 592/719/595 591/718/594 600/727/608 601/728/601
f 598/725/606 597/724/605 606/733/609 607/734/610
f 599/726/607 598/725/606 607/734/610 608/735/611
f 600/727/608 599/726/607 608/735/611 609/736/612
f 601/728/601 600/727/608 609/736/612 610/737/613
f 594/721/600 557/663/514 603/730/614
f 602/729/602 601/728/601 610/737/613 611/738/615
f 595/722/603 594/721/600 603/730/614 604/731/616
f 596/723/604 595/722/603 604/731/616 605/732/617
f 597/724/605 596/723/604 605/732/617 606/733/609
f 611/738/615 610/737/613 619/746/618 620/747/619
f 604/731/616 603/730/614 612/739/620 613/740/621
f 605/732/617 604/731/616 613/740/621 614/741/622
f 606/733/609 605/732/617 614/741/622 615/742/623
f 607/734/610 606/733/609 615/742/623 616/743/624
f 608/735/611 607/734/610 616/743/624 617/744/625
f 609/736/612 608/735/611 617/744/625 618/745/626
f 610/737/613 609/736/612 618/745/626 619/746/618
f 603/730/614 557/664/514 612/739/620
f 617/744/625 616/743/624 625/752/627 626/753/628
f 618/745/626 617/744/625 626/753/628 627/754/629
f 619/746/618 618/745/626 627/754/629 628/755/630
f 612/739/620 557/665/514 621/748/631
f 620/747/619 619/746/618 628/755/630 629/756/632
f 613/740/621 612/739/620 621/748/631 622/749/633
f 614/741/622 613/740/621 622/749/633 623/750/634
f 615/742/623 614/741/622 623/750/634 624/751/635
f 616/743/624 615/742/623 624/751/635 625/752/627
f 623/750/634 622/749/633 631/758/636 632/759/637
f 624/751/635 623/750/634 632/759/637 633/760/638
f 625/752/627 624/751/635 633/760/638 634/761/639
f 626/753/628 625/752/627 634/761/639 635/762/640
f 627/754/629 626/753/628 635/762/640 636/763/641
f 628/755/630 627/754/629 636/763/641 637/764/642
f 621/748/631 557/666/514 630/757/643
f 629/756/632 628/755/630 637/764/642 638/765/644
f 622/749/633 621/748/631 630/757/643 631/758/636
f 636/763/641 635/762/640 644/771/645 645/772/646
f 637/764/642 636/763/641 645/772/646 646/773/647
f 630/757/643 557/667/514 639/766/648
f 638/765/644 637/764/642 646/773/647 647/774/649
f 631/758/636 630/757/643 639/766/648 640/767/650
f 632/759/637 631/758/636 640/767/650 641/768/651
f 633/760/638 632/759/637 641/768/651 642/769/652
f 634/761/639 633/760/638 642/769/652 643/770/653
f 635/762/640 634/761/639 643/770/653 644/771/645
f 641/768/651 640/767/650 649/776/654 650/777/655
f 642/769/652 641/768/651 650/777/655 651/778/656
f 643/770/653 642/769/652 651/778/656 652/779/657
f 644/771/645 643/770/653 652/779/657 653/780/658
f 645/772/646 644/771/645 653/780/658 654/781/659
f 646/773/647 645/772/646 654/781/659 655/782/660
f 639/766/648 557/668/514 648/775/661
f 647/774/649 646/773/647 655/782/660 656/783/662
f 640/767/650 639/766/648 648/775/661 649/776/654
f 654/781/659 653/780/658 662/789/663 663/790/664
f 655/782/660 654/781/659 663/790/664 664/791/665
f 648/775/661 557/669/514 657/784/666
f 656/783/662 655/782/660 664/791/665 665/792/667
f 649/776/654 648/775/661 657/784/666 658/785/668
f 650/777/655 649/776/654 658/785/668 659/786/669
f 651/778/656 650/777/655 659/786/669 660/787/670
f 652/779/657 651/778/656 660/787/670 661/788/671
f 653/780/658 652/779/657 661/788/671 662/789/663
f 660/787/670 659/786/669 668/795/672 669/796/673
f 661/788/671 660/787/670 669/796/673 670/797/674
f 662/789/663 661/788/671 670/797/674 671/798/675
f 663/790/664 662/789/663 671/798/675 672/799/676
f 664/791/665 663/790/664 672/799/676 673/800/677
f 657/784/666 557/670/514 666/793/678
f 665/792/667 664/791/665 673/800/677 674/801/679
f 658/785/668 657/784/666 666/793/678 667/794/680
f 659/786/669 658/785/668 667/794/680 668/795/672
f 673/800/677 672/799/676 681/808/681 682/809/682
f 666/793/678 557/671/514 675/802/683
f 674/801/679 673/800/677 682/809/682 683/810/684
f 667/794/680 666/793/678 675/802/683 676/803/685
f 668/795/672 667/794/680 676/803/685 677/804/686
f 669/796/673 668/795/672 677/804/686 678/805/687
f 670/797/674 669/796/673 678/805/687 679/806/688
f 671/798/675 670/797/674 679/806/688 680/807/689
f 672/799/676 671/798/675 680/807/689 681/808/681
f 678/805/687 677/804/686 686/813/690 687/814/691
f 679/806/688 678/805/687 687/814/691 688/815/692
f 680/807/689 679/806/688 688/815/692 689/816/693
f 681/808/681 680/807/689 689/816/693 690/817/694
f 682/809/682 681/808/681 690/817/694 691/818/695
f 675/802/683 557/672/514 684/811/696
f 683/810/684 682/809/682 691/818/695 692/819/697
f 676/803/685 675/802/683 684/811/696 685/812/698
f 677/804/686 676/803/685 685/812/698 686/813/690
f 691/818/695 690/817/694 699/826/699 700/827/700
f 684/811/696 557/673/514 693/820/701
f 692/819/697 691/818/695 700/827/700 701/828/702
f 685/812/698 684/811/696 693/820/701 694/821/703
f 686/813/690 685/812/698 694/821/703 695/822/704
f 687/814/691 686/813/690 695/822/704 696/823/705
f 688/815/692 687/814/691 696/823/705 697/824/706
f 689/816/693 688/815/692 697/824/706 698/825/707
f 690/817/694 689/816/693 698/825/707 699/826/699
f 697/824/706 696/823/705 705/832/708 706/833/709
f 698/825/707 697/824/706 706/833/709 707/834/710
f 699/826/699 698/825/707 707/834/710 708/835/711
f 700/827/700 699/826/699 708/835/711 709/836/712
f 693/820/701 557/674/514 702/829/713
f 701/828/702 700/827/700 709/836/712 710/837/714
f 694/821/703 693/820/701 702/829/713 703/830/715
f 695/822/704 694/821/703 703/830/715 704/831/716
f 696/823/705 695/822/704 704/831/716 705/832/708
f 710/837/714 709/836/712 718/845/717 719/846/718
f 703/830/715 702/829/713 711/838/719 712/839/720
f 704/831/716 703/830/715 712/839/720 713/840/721
f 705/832/708 704/831/716 713/840/721 714/841/722
f 706/833/709 705/832/708 714/841/722 715/842/723
f 707/834/710 706/833/709 715/842/723 716/843/724
f 708/835/711 707/834/710 716/843/724 717/844/725
f 709/836/712 708/835/711 717/844/725 718/845/717
f 702/829/713 557/675/514 711/838/719
f 716/843/724 715/842/723 724/855/726 725/857/727
f 717/844/725 716/843/724 725/857/727 726/859/728
f 718/845/717 717/844/725 726/859/728 727/861/729
f 711/838/719 557/676/514 720/847/730
f 719/846/718 718/845/717 727/861/729 728/864/731
f 712/839/720 711/838/719 720/847/730 721/849/732
f 713/840/721 712/839/720 721/849/732 722/851/733
f 714/841/722 713/840/721 722/851/733 723/853/734
f 715/842/723 714/841/722 723/853/734 724/855/726
f 721/850/732 720/848/730 729/865/735 730/866/736
f 722/852/733 721/850/732 730/866/736 731/867/737
f 723/854/734 722/852/733 731/867/737 732/868/738
f 724/856/726 723/854/734 732/868/738 733/869/739
f 725/858/727 724/856/726 733/869/739 734/870/740
f 726/860/728 725/858/727 734/870/740 735/871/741
f 727/862/729 726/860/728 735/871/741 736/872/742
f 720/848/730 557/677/514 729/865/735
f 728/863/731 727/862/729 736/872/742 737/873/743
f 734/870/740 733/869/739 742/878/744 743/879/745
f 735/871/741 734/870/740 743/879/745 744/880/746
f 736/872/742 735/871/741 744/880/746 745/881/747
f 729/865/735 557/678/514 738/874/748
f 737/873/743 736/872/742 745/881/747 746/882/749
f 730/866/736 729/865/735 738/874/748 739/875/750
f 731/867/737 730/866/736 739/875/750 740/876/751
f 732/868/738 731/867/737 740/876/751 741/877/752
f 733/869/739 732/868/738 741/877/752 742/878/744
f 740/876/751 739/875/750 748/884/753 749/885/754
f 741/877/752 740/876/751 749/885/754 750/886/755
f 742/878/744 741/877/752 750/886/755 751/887/756
f 743/879/745 742/878/744 751/887/756 752/888/757
f 744/880/746 743/879/745 752/888/757 753/889/758
f 745/881/747 744/880/746 753/889/758 754/890/759
f 738/874/748 557/679/514 747/883/760
f 746/882/749 745/881/747 754/890/759 755/891/761
f 739/875/750 738/874/748 747/883/760 748/884/753
f 753/889/758 752/888/757 761/897/762 762/898/763
f 754/890/759 753/889/758 762/898/763 763/899/764
f 747/883/760 557/680/514 756/892/765
f 755/891/761 754/890/759 763/899/764 764/900/766
f 748/884/753 747/883/760 756/892/765 757/893/767
f 749/885/754 748/884/753 757/893/767 758/894/768
f 750/886/755 749/885/754 758/894/768 759/895/769
f 751/887/756 750/886/755 759/895/769 760/896/770
f 752/888/757 751/887/756 760/896/770 761/897/762
f 758/894/768 757/893/767 766/902/771 767/903/772
f 759/895/769 758/894/768 767/903/772 768/904/773
f 760/896/770 759/895/769 768/904/773 769/905/774
f 761/897/762 760/896/770 769/905/774 770/906/775
f 762/898/763 761/897/762 770/906/775 771/907/776
f 763/899/764 762/898/763 771/907/776 772/908/777
f 756/892/765 557/681/514 765/901/778
f 764/900/766 763/899/764 772/908/777 773/909/779
f 757/893/767 756/892/765 765/901/778 766/902/771
f 771/907/776 770/906/775 779/915/780 780/916/781
f 772/908/777 771/907/776 780/916/781 781/917/782
f 765/901/778 557/682/514 774/910/783
f 773/909/779 772/908/777 781/917/782 782/918/784
f 766/902/771 765/901/778 774/910/783 775/911/785
f 767/903/772 766/902/771 775/911/785 776/912/786
f 768/904/773 767/903/772 776/912/786 777/913/787
f 769/905/774 768/904/773 777/913/787 778/914/788
f 770/906/775 769/905/774 778/914/788 779/915/780
f 777/913/787 776/912/786 785/921/789 786/922/790
f 778/914/788 777/913/787 786/922/790 787/923/791
f 779/915/780 778/914/788 787/923/791 788/924/792
f 780/916/781 779/915/780 788/924/792 789/925/793
f 781/917/782 780/916/781 789/925/793 790/926/794
f 774/910/783 557/683/514 783/919/795
f 782/918/784 781/917/782 790/926/794 791/927/796
f 775/911/785 774/910/783 783/919/795 784/920/797
f 776/912/786 775/911/785 784/920/797 785/921/789
f 520/616/517 529/625/533 538/634/545 547/643/550 556/652/562 566/693/567 575/702/580 584/711/585 593/720/597 602/729/602 611/738/615 620/747/619 629/756/632 638/765/644 647/774/649 656/783/662 665/792/667 674/801/679 683/810/684 692/819/697 701/828/702 710/837/714 719/846/718 728/864/731 737/873/743 746/882/749 755/891/761 764/900/766 773/909/779 782/918/784 791/927/796 511/607/516
f 790/926/794 789/925/793 509/605/510 510/606/509
f 783/919/795 557/684/514 792/928/513
f 791/927/796 790/926/794 510/606/509 511/607/516
f 784/920/797 783/919/795 792/928/513 793/929/518
f 785/921/789 784/920/797 793/929/518 507/603/520
f 786/922/790 785/921/789 507/603/520 794/930/522
f 787/923/791 786/922/790 794/930/522 508/604/524
f 788/924/792 787/923/791 508/604/524 795/931/526
f 789/925/793 788/924/792 795/931/526 509/605/510
o Cube.001
v -0.164360 -0.723305 1.223593
v -0.164360 -0.497848 1.223593
v 0.061096 -0.723305 1.223593
v 0.061096 -0.497848 1.223593
v 0.269129 -0.664795 1.223593
v 0.269129 -0.439339 1.223593
v 0.480412 -0.449053 1.223593
v 0.480412 -0.349533 1.223593
v -0.372393 -0.642042 1.223593
v -0.372393 -0.416585 1.223593
v -0.560922 -0.482096 1.223593
v -0.560922 -0.355496 1.223593
v -0.164360 -0.723305 1.137885
v -0.164360 -0.497848 1.137885
v 0.061096 -0.723305 1.137885
v 0.061096 -0.497848 1.137885
v 0.269129 -0.664795 1.137885
v 0.269129 -0.439339 1.137885
v 0.480412 -0.449053 1.137885
v 0.480412 -0.349533 1.137885
v -0.372393 -0.642042 1.137885
v -0.372393 -0.416585 1.137885
v -0.560922 -0.482096 1.137885
v -0.560922 -0.355496 1.137885
v -1.000000 -0.000000 1.000000
v -0.800000 -0.000000 1.000000
v -0.600000 -0.000000 1.000000
v -0.400000 -0.000000 1.000000
v -0.200000 -0.000000 1.000000
v 0.000000 -0.000000 1.000000
v 0.200000 -0.000000 1.000000
v 0.400000 -0.000000 1.000000
v 0.600000 -0.000000 1.000000
v 0.800000 -0.000000 1.000000
v 1.000000 -0.000000 1.000000
v -1.000000 -0.000000 0.800000
v -0.800000 -0.000000 0.800000
v -0.600000 -0.000000 0.800000
v -0.400000 -0.000000 0.800000
v -0.200000 -0.000000 0.800000
v 0.000000 -0.000000 0.800000
v 0.200000 -0.000000 0.800000
v 0.400000 -0.000000 0.800000
v 0.600000 -0.000000 0.800000
v 0.800000 -0.000000 0.800000
v 1.000000 -0.000000 0.800000
v -1.000000 -0.000000 0.600000
v -0.800000 -0.000000 0.600000
v -0.600000 -0.000000 0.600000
v -0.400000 -0.000000 0.600000
v -0.200000 -0.000000 0.600000
v 0.000000 -0.000000 0.600000
v 0.200000 -0.000000 0.600000
v 0.400000 -0.000000 0.600000
v 0.600000 -0.000000 0.600000
v 0.800000 -0.000000 0.600000
v 1.000000 -0.000000 0.600000
v -1.000000 -0.000000 0.400000
v -0.800000 -0.000000 0.400000
v -0.600000 -0.000000 0.400000
v -0.400000 -0.000000 0.400000
v -0.200000 -0.000000 0.400000
v 0.000000 -0.000000 0.400000
v 0.200000 -0.000000 0.400000
v 0.400000 -0.000000 0.400000
v 0.600000 -0.000000 0.400000
v 0.800000 -0.000000 0.400000
v 1.000000 -0.000000 0.400000
v -1.000000 -0.000000 0.200000
v -0.800000 -0.000000 0.200000
v -0.600000 -0.000000 0.200000
v -0.400000 -0.000000 0.200000
v -0.200000 -0.000000 0.200000
v 0.000000 -0.000000 0.200000
v 0.200000 -0.000000 0.200000
v 0.400000 -0.000000 0.200000
v 0.600000 -0.000000 0.200000
v 0.800000 -0.000000 0.200000
v 1.000000 -0.000000 0.200000
v -1.000000 -0.000000 0.000000
v -0.800000 -0.000000 0.000000
v -0.600000 -0.000000 0.000000
v -0.400000 -0.000000 0.000000
v -0.200000 -0.000000 0.000000
v 0.000000 -0.000000 0.000000
v 0.200000 -0.000000 0.000000
v 0.400000 -0.000000 0.000000
v 0.600000 -0.000000 0.000000
v 0.800000 -0.000000 0.000000
v 1.000000 -0.000000 0.000000
v -1.000000 -0.000000 -0.200000
v -0.800000 -0.000000 -0.200000
v -0.600000 -0.000000 -0.200000
v -0.393239 -0.006792 -0.200663
v -0.200000 -0.000000 -0.200000
v 0.000000 -0.000000 -0.200000
v 0.200000 -0.000000 -0.200000
v 0.400000 -0.000000 -0.200000
v 0.600000 -0.000000 -0.200000
v 0.800000 -0.000000 -0.200000
v 1.000000 -0.000000 -0.200000
v -1.000000 -0.000000 -0.400000
v -0.800000 -0.000000 -0.400000
v -0.600000 -0.000000 -0.400000
v -0.400000 -0.000000 -0.400000
v -0.200000 -0.000000 -0.400000
v 0.000000 -0.000000 -0.400000
v 0.200000 -0.000000 -0.400000
v 0.400000 -0.000000 -0.400000
v 0.600000 -0.000000 -0.400000
v 0.800000 -0.000000 -0.400000
v 1.000000 -0.000000 -0.400000
v -1.000000 -0.000000 -0.600000
v -0.800000 -0.000000 -0.600000
v -0.600000 -0.000000 -0.600000
v -0.400000 -0.000000 -0.600000
v -0.200000 -0.000000 -0.600000
v 0.000000 -0.000000 -0.600000
v 0.200000 -0.000000 -0.600000
v 0.400000 -0.000000 -0.600000
v 0.600000 -0.000000 -0.600000
v 0.800000 -0.000000 -0.600000
v 1.000000 -0.000000 -0.600000
v -1.000000 -0.000000 -0.800000
v -0.800000 -0.000000 -0.800000
v -0.600000 -0.000000 -0.800000
v -0.400000 -0.000000 -0.800000
v -0.200000 -0.000000 -0.800000
v 0.000000 -0.000000 -0.800000
v 0.200000 -0.000000 -0.800000
v 0.400000 -0.000000 -0.800000
v 0.600000 -0.000000 -0.800000
v 0.800000 -0.000000 -0.800000
v 1.000000 -0.000000 -0.800000
v -1.000000 -0.000000 -1.000000
v -0.800000 -0.000000 -1.000000
v -0.600000 -0.000000 -1.000000
v -0.400000 -0.000000 -1.000000
v -0.200000 -0.000000 -1.000000
v 0.000000 -0.000000 -1.000000
v 0.200000 -0.000000 -1.000000
v 0.400000 -0.000000 -1.000000
v 0.600000 -0.000000 -1.000000
v 0.800000 -0.000000 -1.000000
v 1.000000 -0.000000 -1.000000
v -0.600000 -0.000000 -1.000000
v -0.400000 -0.000000 -1.000000
v -0.954866 -0.007562 -1.004691
v -0.754866 -0.007562 -1.004691
v -0.400000 -0.000000 -1.000000
v -0.400000 -0.000000 -1.000000
v -0.400000 -0.000000 -1.000000
v -0.400000 -0.000000 -1.000000
v -0.361371 0.682790 1.209069
v -0.743121 0.743728 1.250406
v -0.608668 0.775521 1.229826
v -0.356714 0.727831 1.203388
v -0.310890 0.666894 1.204489
v -0.310890 0.666894 1.204489
v -0.368778 0.676161 1.150434
v -0.750528 0.737099 1.191771
v -0.616075 0.768892 1.171191
v -0.364121 0.721202 1.144753
v -0.318298 0.660264 1.145854
v 0.252529 0.529499 1.216323
v 0.346143 0.478791 1.216323
v 0.638689 0.560704 1.216323
v 0.720602 0.537301 1.216323
v 0.595782 0.619213 1.216323
v 0.318839 0.541201 1.216323
v 0.252529 0.529499 1.144405
v 0.346143 0.478791 1.144405
v 0.638689 0.560704 1.144405
v 0.720602 0.537301 1.144405
v 0.595782 0.619213 1.144405
v 0.318839 0.541201 1.144405
vn -0.0000 -0.0000 -1.0000
vn -0.0000 -0.0000 1.0000
vn -0.3639 -0.9315 -0.0000
vn -0.7145 0.6997 -0.0000
vn 0.6469 0.7625 -0.0000
vn -0.2707 0.9627 -0.0000
vn 0.3639 0.9315 -0.0000
vn -0.0000 1.0000 -0.0000
vn 0.3912 -0.9203 -0.0000
vn 0.2707 -0.9627 -0.0000
vn 1.0000 -0.0000 -0.0000
vn -0.0000 -1.0000 -0.0000
vn -1.0000 -0.0000 -0.0000
vn -0.3082 -0.9513 -0.0000
vn 0.0167 0.9997 -0.0167
vn -0.0172 0.9997 -0.0172
vn 0.0167 0.9997 0.0167
vn -0.0173 0.9997 0.0173
vn -0.0000 0.5271 -0.8498
vn -0.1246 -0.1115 -0.9859
vn 0.1246 0.1115 0.9859
vn -0.1710 -0.9764 0.1320
vn 0.1427 0.9813 -0.1290
vn 0.2854 0.9476 -0.1432
vn 0.2408 -0.9674 0.0789
vn -0.7895 -0.5907 0.1665
vn 0.2711 -0.9625 -0.0000
vn 0.2747 0.9615 -0.0000
vn 0.4763 0.8793 -0.0000
vn 0.1738 -0.9848 -0.0000
vn -0.5487 -0.8360 -0.0000
vn -0.2696 0.9630 -0.0000
vt 0.375000 0.000000
vt 0.375000 1.000000
vt 0.625000 0.000000
vt 0.625000 1.000000
vt 0.375000 0.750000
vt 0.625000 0.750000
vt 0.375000 0.750000
vt 0.625000 0.750000
vt 0.375000 0.750000
vt 0.625000 0.750000
vt 0.375000 0.000000
vt 0.625000 0.000000
vt 0.375000 0.000000
vt 0.625000 0.000000
vt 0.375000 0.000000
vt 0.375000 1.000000
vt 0.625000 0.000000
vt 0.625000 1.000000
vt 0.375000 0.750000
vt 0.625000 0.750000
vt 0.375000 0.750000
vt 0.625000 0.750000
vt 0.375000 0.750000
vt 0.625000 0.750000
vt 0.375000 0.000000
vt 0.625000 0.000000
vt 0.375000 0.000000
vt 0.625000 0.000000
vt 0.000000 0.000000
vt 0.100000 0.000000
vt 0.200000 0.000000
vt 0.300000 0.000000
vt 0.400000 0.000000
vt 0.500000 0.000000
vt 0.600000 0.000000
vt 0.700000 0.000000
vt 0.800000 0.000000
vt 0.900000 0.000000
vt 1.000000 0.000000
vt 0.000000 0.100000
vt 0.100000 0.100000
vt 0.200000 0.100000
vt 0.300000 0.100000
vt 0.400000 0.100000
vt 0.500000 0.100000
vt 0.600000 0.100000
vt 0.700000 0.100000
vt 0.800000 0.100000
vt 0.900000 0.100000
vt 1.000000 0.100000
vt 0.000000 0.200000
vt 0.100000 0.200000
vt 0.200000 0.200000
vt 0.300000 0.200000
vt 0.400000 0.200000
vt 0.500000 0.200000
vt 0.600000 0.200000
vt 0.700000 0.200000
vt 0.800000 0.200000
vt 0.900000 0.200000
vt 1.000000 0.200000
vt 0.000000 0.300000
vt 0.100000 0.300000
vt 0.200000 0.300000
vt 0.300000 0.300000
vt 0.400000 0.300000
vt 0.500000 0.300000
vt 0.600000 0.300000
vt 0.700000 0.300000
vt 0.800000 0.300000
vt 0.900000 0.300000
vt 1.000000 0.300000
vt 0.000000 0.400000
vt 0.100000 0.400000
vt 0.200000 0.400000
vt 0.300000 0.400000
vt 0.400000 0.400000
vt 0.500000 0.400000
vt 0.600000 0.400000
vt 0.700000 0.400000
vt 0.800000 0.400000
vt 0.900000 0.400000
vt 1.000000 0.400000
vt 0.000000 0.500000
vt 0.100000 0.500000
vt 0.200000 0.500000
vt 0.300000 0.500000
vt 0.400000 0.500000
vt 0.500000 0.500000
vt 0.600000 0.500000
vt 0.700000 0.500000
vt 0.800000 0.500000
vt 0.900000 0.500000
vt 1.000000 0.500000
vt 0.000000 0.600000
vt 0.100000 0.600000
vt 0.200000 0.600000
vt 0.300000 0.600000
vt 0.400000 0.600000
vt 0.500000 0.600000
vt 0.600000 0.600000
vt 0.700000 0.600000
vt 0.800000 0.600000
vt 0.900000 0.600000
vt 1.000000 0.600000
vt 0.000000 0.700000
vt 0.100000 0.700000
vt 0.200000 0.700000
vt 0.300000 0.700000
vt 0.400000 0.700000
vt 0.500000 0.700000
vt 0.600000 0.700000
vt 0.700000 0.700000
vt 0.800000 0.700000
vt 0.900000 0.700000
vt 1.000000 0.700000
vt 0.000000 0.800000
vt 0.100000 0.800000
vt 0.200000 0.800000
vt 0.300000 0.800000
vt 0.400000 0.800000
vt 0.500000 0.800000
vt 0.600000 0.800000
vt 0.700000 0.800000
vt 0.800000 0.800000
vt 0.900000 0.800000
vt 1.000000 0.800000
vt 0.000000 0.900000
vt 0.100000 0.900000
vt 0.200000 0.900000
vt 0.300000 0.900000
vt 0.400000 0.900000
vt 0.500000 0.900000
vt 0.600000 0.900000
vt 0.700000 0.900000
vt 0.800000 0.900000
vt 0.900000 0.900000
vt 1.000000 0.900000
vt 0.000000 1.000000
vt 0.100000 1.000000
vt 0.200000 1.000000
vt 0.300000 1.000000
vt 0.400000 1.000000
vt 0.500000 1.000000
vt 0.600000 1.000000
vt 0.700000 1.000000
vt 0.800000 1.000000
vt 0.900000 1.000000
vt 1.000000 1.000000
vt 0.200000 1.000000
vt 0.300000 1.000000
vt 0.000000 1.000000
vt 0.100000 1.000000
vt 0.300000 1.000000
vt 0.300000 1.000000
vt 0.300000 1.000000
vt 0.300000 1.000000
vt 0.000000 0.000000
vt 0.000000 0.000000
vt 0.000000 0.000000
vt 0.000000 0.000000
vt 0.000000 0.000000
vt 0.000000 0.000000
vt 0.000000 0.000000
vt 0.000000 0.000000
vt 0.000000 0.000000
vt 0.000000 0.000000
vt 0.000000 0.000000
vt 0.000000 0.000000
vt 0.000000 0.000000
vt 0.000000 0.000000
vt 0.000000 0.000000
vt 0.000000 0.000000
vt 0.000000 0.000000
vt 0.000000 0.000000
vt 0.000000 0.000000
vt 0.000000 0.000000
vt 0.000000 0.000000
vt 0.000000 0.000000
s 0
usemtl Material.004
f 805/936/798 803/933/798 804/935/798 806/937/798
f 806/937/798 808/939/798 807/938/798 805/936/798
f 808/939/798 810/941/798 809/940/798 807/938/798
f 803/932/798 811/942/798 812/943/798 804/934/798
f 811/942/798 813/944/798 814/945/798 812/943/798
f 817/950/799 818/951/799 816/949/799 815/947/799
f 818/951/799 817/950/799 819/952/799 820/953/799
f 820/953/799 819/952/799 821/954/799 822/955/799
f 815/946/799 816/948/799 824/957/799 823/956/799
f 823/956/799 824/957/799 826/959/799 825/958/799
f 804/934/800 812/943/800 824/957/800 816/948/800
f 807/938/801 809/940/801 821/954/801 819/952/801
f 813/944/802 811/942/802 823/956/802 825/958/802
f 805/936/803 807/938/803 819/952/803 817/950/803
f 811/942/804 803/932/804 815/946/804 823/956/804
f 803/933/805 805/936/805 817/950/805 815/947/805
f 810/941/806 808/939/806 820/953/806 822/955/806
f 808/939/807 806/937/807 818/951/807 820/953/807
f 814/945/808 813/944/808 825/958/808 826/959/808
f 806/937/809 804/935/809 816/949/809 818/951/809
f 809/940/810 810/941/810 822/955/810 821/954/810
f 812/943/811 814/945/811 826/959/811 824/957/811
f 827/960/805 828/961/805 839/972/805 838/971/805
f 828/961/805 829/962/805 840/973/805 839/972/805
f 829/962/805 830/963/805 841/974/805 840/973/805
f 830/963/805 831/964/805 842/975/805 841/974/805
f 831/964/805 832/965/805 843/976/805 842/975/805
f 832/965/805 833/966/805 844/977/805 843/976/805
f 833/966/805 834/967/805 845/978/805 844/977/805
f 834/967/805 835/968/805 846/979/805 845/978/805
f 835/968/805 836/969/805 847/980/805 846/979/805
f 836/969/805 837/970/805 848/981/805 847/980/805
f 838/971/805 839/972/805 850/983/805 849/982/805
f 839/972/805 840/973/805 851/984/805 850/983/805
f 840/973/805 841/974/805 852/985/805 851/984/805
f 841/974/805 842/975/805 853/986/805 852/985/805
f 842/975/805 843/976/805 854/987/805 853/986/805
f 843/976/805 844/977/805 855/988/805 854/987/805
f 844/977/805 845/978/805 856/989/805 855/988/805
f 845/978/805 846/979/805 857/990/805 856/989/805
f 846/979/805 847/980/805 858/991/805 857/990/805
f 847/980/805 848/981/805 859/992/805 858/991/805
f 849/982/805 850/983/805 861/994/805 860/993/805
f 850/983/805 851/984/805 862/995/805 861/994/805
f 851/984/805 852/985/805 863/996/805 862/995/805
f 852/985/805 853/986/805 864/997/805 863/996/805
f 853/986/805 854/987/805 865/998/805 864/997/805
f 854/987/805 855/988/805 866/999/805 865/998/805
f 855/988/805 856/989/805 867/1000/805 866/999/805
f 856/989/805 857/990/805 868/1001/805 867/1000/805
f 857/990/805 858/991/805 869/1002/805 868/1001/805
f 858/991/805 859/992/805 870/1003/805 869/1002/805
f 860/993/805 861/994/805 872/1005/805 871/1004/805
f 861/994/805 862/995/805 873/1006/805 872/1005/805
f 862/995/805 863/996/805 874/1007/805 873/1006/805
f 863/996/805 864/997/805 875/1008/805 874/1007/805
f 864/997/805 865/998/805 876/1009/805 875/1008/805
f 865/998/805 866/999/805 877/1010/805 876/1009/805
f 866/999/805 867/1000/805 878/1011/805 877/1010/805
f 867/1000/805 868/1001/805 879/1012/805 878/1011/805
f 868/1001/805 869/1002/805 880/1013/805 879/1012/805
f 869/1002/805 870/1003/805 881/1014/805 880/1013/805
f 871/1004/805 872/1005/805 883/1016/805 882/1015/805
f 872/1005/805 873/1006/805 884/1017/805 883/1016/805
f 873/1006/805 874/1007/805 885/1018/805 884/1017/805
f 874/1007/805 875/1008/805 886/1019/805 885/1018/805
f 875/1008/805 876/1009/805 887/1020/805 886/1019/805
f 876/1009/805 877/1010/805 888/1021/805 887/1020/805
f 877/1010/805 878/1011/805 889/1022/805 888/1021/805
f 878/1011/805 879/1012/805 890/1023/805 889/1022/805
f 879/1012/805 880/1013/805 891/1024/805 890/1023/805
f 880/1013/805 881/1014/805 892/1025/805 891/1024/805
f 882/1015/805 883/1016/805 894/1027/805 893/1026/805
f 883/1016/805 884/1017/805 895/1028/805 894/1027/805
f 884/1017/812 885/1018/812 896/1029/812 895/1028/812
f 885/1018/813 886/1019/813 897/1030/813 896/1029/813
f 886/1019/805 887/1020/805 898/1031/805 897/1030/805
f 887/1020/805 888/1021/805 899/1032/805 898/1031/805
f 888/1021/805 889/1022/805 900/1033/805 899/1032/805
f 889/1022/805 890/1023/805 901/1034/805 900/1033/805
f 890/1023/805 891/1024/805 902/1035/805 901/1034/805
f 891/1024/805 892/1025/805 903/1036/805 902/1035/805
f 893/1026/805 894/1027/805 905/1038/805 904/1037/805
f 894/1027/805 895/1028/805 906/1039/805 905/1038/805
f 895/1028/814 896/1029/814 907/1040/814 906/1039/814
f 896/1029/815 897/1030/815 908/1041/815 907/1040/815
f 897/1030/805 898/1031/805 909/1042/805 908/1041/805
f 898/1031/805 899/1032/805 910/1043/805 909/1042/805
f 899/1032/805 900/1033/805 911/1044/805 910/1043/805
f 900/1033/805 901/1034/805 912/1045/805 911/1044/805
f 901/1034/805 902/1035/805 913/1046/805 912/1045/805
f 902/1035/805 903/1036/805 914/1047/805 913/1046/805
f 904/1037/805 905/1038/805 916/1049/805 915/1048/805
f 905/1038/805 906/1039/805 917/1050/805 916/1049/805
f 906/1039/805 907/1040/805 918/1051/805 917/1050/805
f 907/1040/805 908/1041/805 919/1052/805 918/1051/805
f 908/1041/805 909/1042/805 920/1053/805 919/1052/805
f 909/1042/805 910/1043/805 921/1054/805 920/1053/805
f 910/1043/805 911/1044/805 922/1055/805 921/1054/805
f 911/1044/805 912/1045/805 923/1056/805 922/1055/805
f 912/1045/805 913/1046/805 924/1057/805 923/1056/805
f 913/1046/805 914/1047/805 925/1058/805 924/1057/805
f 915/1048/805 916/1049/805 927/1060/805 926/1059/805
f 916/1049/805 917/1050/805 928/1061/805 927/1060/805
f 917/1050/805 918/1051/805 929/1062/805 928/1061/805
f 918/1051/805 919/1052/805 930/1063/805 929/1062/805
f 919/1052/805 920/1053/805 931/1064/805 930/1063/805
f 920/1053/805 921/1054/805 932/1065/805 931/1064/805
f 921/1054/805 922/1055/805 933/1066/805 932/1065/805
f 922/1055/805 923/1056/805 934/1067/805 933/1066/805
f 923/1056/805 924/1057/805 935/1068/805 934/1067/805
f 924/1057/805 925/1058/805 936/1069/805 935/1068/805
f 926/1059/805 927/1060/805 938/1071/805 937/1070/805
f 927/1060/805 928/1061/805 939/1072/805 938/1071/805
f 928/1061/805 929/1062/805 940/1073/805 939/1072/805
f 929/1062/805 930/1063/805 941/1074/805 940/1073/805
f 930/1063/805 931/1064/805 942/1075/805 941/1074/805
f 931/1064/805 932/1065/805 943/1076/805 942/1075/805
f 932/1065/805 933/1066/805 944/1077/805 943/1076/805
f 933/1066/805 934/1067/805 945/1078/805 944/1077/805
f 934/1067/805 935/1068/805 946/1079/805 945/1078/805
f 935/1068/805 936/1069/805 947/1080/805 946/1079/805
f 939/1072/805 940/1073/805 949/1082/805 948/1081/805
f 937/1070/816 938/1071/816 951/1084/816 950/1083/816
f 949/1082/805 940/1073/805 952/1085/805 953/1086/805
f 953/1086/805 952/1085/805 954/1087/805 955/1088/805
f 957/1090/817 958/1091/817 959/1092/817 961/1093/817 956/1089/817
f 963/1095/818 962/1094/818 966/1098/818 965/1097/818 964/1096/818
f 959/1092/819 958/1091/819 964/1096/819 965/1097/819
f 957/1090/820 956/1089/820 962/1094/820 963/1095/820
f 956/1089/821 961/1093/821 966/1098/821 962/1094/821
f 958/1091/822 957/1090/822 963/1095/822 964/1096/822
f 961/1093/823 959/1092/823 965/1097/823 966/1098/823
f 968/1100/798 967/1099/798 972/1104/798 971/1103/798 970/1102/798 969/1101/798
f 974/1106/799 975/1107/799 976/1108/799 977/1109/799 978/1110/799 973/1105/799
f 971/1103/824 972/1104/824 978/1110/824 977/1109/824
f 969/1101/825 970/1102/825 976/1108/825 975/1107/825
f 967/1099/826 968/1100/826 974/1106/826 973/1105/826
f 972/1104/827 967/1099/827 973/1105/827 978/1110/827
f 970/1102/828 971/1103/828 977/1109/828 976/1108/828
f 968/1100/829 969/1101/829 975/1107/829 974/1106/829
l 959 960
l 960 961
o Cube.002
v -1.000000 -1.000000 1.000000
v -1.000000 1.000000 1.000000
v -1.000000 -1.000000 -1.000000
v -1.000000 1.000000 -1.000000
v 1.000000 -1.000000 1.000000
v 1.000000 1.000000 1.000000
v 1.000000 -1.000000 -1.000000
v 1.000000 1.000000 -1.000000
v 0.000000 0.000000 0.000000
v 0.000000 0.000000 0.000000
v 0.000000 0.000000 0.000000
v 0.000000 0.000000 0.000000
v 0.000000 0.000000 0.000000
vn -1.0000 -0.0000 -0.0000
vn -0.0000 -0.0000 -1.0000
vn 1.0000 -0.0000 -0.0000
vn 0.5774 -0.5774 0.5774
vn 0.5774 0.5774 0.5774
vn -0.5774 0.5774 0.5774
vn -0.5774 -0.5774 0.5774
vn -0.0000 -1.0000 -0.0000
vn -0.0000 1.0000 -0.0000
vt 0.375000 0.000000
vt 0.375000 1.000000
vt 0.125000 0.750000
vt 0.625000 0.000000
vt 0.625000 1.000000
vt 0.875000 0.750000
vt 0.375000 0.250000
vt 0.125000 0.500000
vt 0.625000 0.250000
vt 0.875000 0.500000
vt 0.375000 0.750000
vt 0.625000 0.750000
vt 0.375000 0.500000
vt 0.625000 0.500000
s 0
f 979/1111/830 980/1114/830 982/1119/830 981/1117/830
f 981/1117/831 982/1119/831 986/1124/831 985/1123/831
f 985/1123/832 986/1124/832 984/1122/832 983/1121/832
s 1
f 983/1121/833 984/1122/834 980/1115/835 979/1112/836
s 0
f 981/1118/837 985/1123/837 983/1121/837 979/1113/837
f 986/1124/838 982/1120/838 980/1116/838 984/1122/838
o Vert
v 1.148203 1.053616 1.165707
v 0.614610 1.697608 1.165707
v 0.338614 1.394012 1.165707
v -0.038581 2.176002 1.165707
v -0.461775 1.394012 1.165707
v -0.838970 1.660808 1.165707
v -1.234565 1.035217 1.165707
v 1.148203 1.053617 -1.247433
v 0.614610 1.697608 -1.247433
v 0.338614 1.394012 -1.247433
v -0.038581 2.176002 -1.247433
v -0.461775 1.394012 -1.247433
v -0.838970 1.660809 -1.247433
v -1.234565 1.035217 -1.247433
vn -0.0000 -0.0000 -1.0000
vn -0.0000 -0.0000 1.0000
vn 0.8795 -0.4759 -0.0000
vn 0.7399 -0.6727 -0.0000
vn -0.0077 1.0000 -0.0000
vn -0.5775 -0.8164 -0.0000
vn -0.9007 -0.4345 -0.0000
vn -0.7700 -0.6380 -0.0000
vn 0.8452 -0.5345 -0.0000
s 0
usemtl Material.001
f 993//839 992//839 998//839 997//839 996//839 995//839 994//839
f 1000//840 1001//840 1002//840 1003//840 1004//840 1005//840 999//840
f 995//841 996//841 1003//841 1002//841
f 993//842 994//842 1001//842 1000//842
f 998//843 992//843 999//843 1005//843
f 996//844 997//844 1004//844 1003//844
f 994//845 995//845 1002//845 1001//845
f 992//846 993//846 1000//846 999//846
f 997//847 998//847 1005//847 1004//847
